d_PerfectIncorporation,d_tPerfectIncorporation2,d_CommonGround,d_tCommonGround2,d_PartialIncorporation,d_tPartialIncorporation2
0.09782420278918169,0.09641494918863747,-100.0,-100.0,0.05352324822762311,0.052761812797107455
0.08896930360639055,0.08809041558369235,-100.0,-100.0,0.02913339328765585,0.025508983905781935
0.11250365384124117,0.1121372835684128,-100.0,-100.0,0.047437551546820056,0.047437551546818946
0.11773466482723538,0.11696647958498729,-100.0,-100.0,0.03985191649788766,0.038328003503051655
0.12746944104532587,0.1261729789447299,-100.0,-100.0,0.05279890468782433,0.05200159542198357
0.12263069843149965,0.12098786834172981,-100.0,-100.0,0.03675960862902827,0.0355599510289939
0.08891084288155593,0.08817714914280994,-100.0,-100.0,0.04236759679011526,0.042027013359570264
0.10262300247768885,0.10146694328468653,-100.0,-100.0,0.052552384655582984,0.049913391182567435
0.11890177422646675,0.11595028634437954,-100.0,-100.0,0.051520967588449484,0.04883986314399258
0.12055071060264877,0.12055071060262668,-100.0,-100.0,0.048311087181298173,0.048085952971100965
0.09523696876942056,0.092399319512105,-100.0,-100.0,0.029915056061832423,0.0280006664163015
0.12156772129405824,0.12088481679914143,-100.0,-100.0,0.05131106061003732,0.04987850136212302
0.0942018344429707,0.09182208563217653,-100.0,-100.0,0.03096439357004188,0.028237130966076496
0.11628933336582481,0.11390940283660811,-100.0,-100.0,0.04421669373993797,0.04103435447350945
0.0985764904793952,0.09857649047939465,-100.0,-100.0,0.03822332638532522,0.03822332638532744
0.10200674708978719,0.10188456550441327,-100.0,-100.0,0.0292793080032816,0.028912171199299452
0.08153908919107078,0.0807946625354865,-100.0,-100.0,0.02939547155761213,0.028665510553604445
0.1025390916062977,0.10253909160626451,-100.0,-100.0,0.028401435291652843,0.028401435291655397
0.10319566123824131,0.10319566123825352,-100.0,-100.0,0.030117797455245343,0.030117797455240902
0.10072265771207456,0.09821229075900328,-100.0,-100.0,0.056605238017527926,0.05356745050255529
0.09987331728569926,0.09778152370366289,-100.0,-100.0,0.053955901820340824,0.05236252839958433
0.08835187657518406,0.08640496436375344,-100.0,-100.0,0.061536214072973716,0.060286267512171365
0.10987668896581348,0.10651811142050716,-100.0,-100.0,0.03438110721340004,0.031081760803433722
0.08968318963005328,0.08531473869334927,-100.0,-100.0,0.02597207042855687,0.024986369875229508
0.09798707942054496,0.09603017592815799,-100.0,-100.0,0.024119491597164977,0.022518902739152913
0.09244935850853908,0.09157695228925489,-100.0,-100.0,0.02845967074483957,0.028459670744846455
0.09536212363783747,0.09377456267720496,-100.0,-100.0,0.048180749795213695,0.04748681406890909
0.11768867604386712,0.11656753642185991,-100.0,-100.0,0.03723119366553562,0.03620044462317984
0.11385703050693041,0.11322710093079824,-100.0,-100.0,0.016199270701060864,0.015442712567122485
0.10399148889742171,0.1024358854407813,-100.0,-100.0,0.03769442374104104,0.03533423322600837
0.08238342022637268,0.08022146735518898,-100.0,-100.0,0.029531564605625005,0.02920382301618274
0.10822644575439067,0.10084930525405367,-100.0,-100.0,0.02570226301348899,0.0239370517883285
0.08920812845643167,0.08834263831266909,-100.0,-100.0,0.011050689938342795,0.008447396919870731
0.11080443909790416,0.10759245239061388,-100.0,-100.0,0.03942005971121909,0.03663824446789865
0.12765394873127922,0.12651164574093277,-100.0,-100.0,0.06326253155766226,0.06251871085034133
0.07980849901778309,0.07896727609697118,-100.0,-100.0,0.036371398644920006,0.033510082690006215
0.08040191090920523,0.07919332650566513,-100.0,-100.0,0.03685630127239581,0.03665178899024624
0.09170045285051809,0.09051331718010502,-100.0,-100.0,0.035895162532045166,0.03135264870037335
0.08617687550617648,0.07779899724376382,-100.0,-100.0,0.02609234834198193,0.02392888236840618
0.10896401542163303,0.10731728715425082,-100.0,-100.0,0.043058811983634926,0.03975120111520769
0.09567752597127455,0.09429740756589866,-100.0,-100.0,0.022776636590013943,0.021403898742874627
0.10603233854850225,0.10220984497039742,-100.0,-100.0,0.04778065542755383,0.0458651720394847
0.09976167318025098,0.09919443896502811,-100.0,-100.0,0.04508433454985916,0.04346795174248674
0.07851053069251368,0.0751705456007814,-100.0,-100.0,0.03549098555935115,0.03209592287443286
0.09007687461239544,0.08968016976500104,-100.0,-100.0,0.024990658090143447,0.024553432031378608
0.10620684600666774,0.1062068460066703,-100.0,-100.0,0.02128142513343434,0.02128142513343645
0.143978362790536,0.1437812062547319,-100.0,-100.0,0.044138067274344994,0.04413806727484859
0.09652239353010894,0.09589964870979384,-100.0,-100.0,0.02228401298227034,0.021553879566213685
0.11987546674805116,0.11911402271706562,-100.0,-100.0,0.026515867323119613,0.024541120013007234
0.0970586111150592,0.09557867977695333,-100.0,-100.0,0.025845057061083976,0.024379609057691765
0.09845665432628181,0.09845665432628037,-100.0,-100.0,0.03420777166738642,0.03420777166738742
0.09293103610818498,0.08416236526202403,-100.0,-100.0,0.030247683821049143,0.022279728388114983
0.12020149185658591,0.11894771889907452,-100.0,-100.0,0.05163048339098564,0.05163048339099108
0.1277867663811013,0.12275700570312298,-100.0,-100.0,0.058551401252276314,0.05328576648218508
0.15256784385957434,0.14748430274430557,-100.0,-100.0,0.033611330446217114,0.033099155369806676
0.0891653115226938,0.08893746925813717,-100.0,-100.0,0.019635508016512593,0.017977015792610795
0.13053893474089873,0.11826738770183087,-100.0,-100.0,0.025702920973721177,0.01755043679072854
0.11526029351576794,0.11203070900356471,-100.0,-100.0,0.054413306550665785,0.05161793636096701
0.11472974773674016,0.11363839589887914,-100.0,-100.0,0.050824317390805285,0.050737779504309244
0.104436468646109,0.10394171283493825,-100.0,-100.0,0.040587631600447094,0.03957053160778701
0.09387704174636102,0.09350043982471734,-100.0,-100.0,0.024729040600353303,0.02157924212461082
0.08522210743422542,0.0844955466666325,-100.0,-100.0,0.03632788013181265,0.034097093879447815
0.1263991810729599,0.12308504760859607,-100.0,-100.0,0.05340147552462571,0.05246803180851933
0.09162878946988162,0.0885077424043641,-100.0,-100.0,0.019511575065516373,0.0163997634453108
0.09563510498995609,0.09434873462006488,-100.0,-100.0,0.027537355681546805,0.02627042325249973
0.09889027725982291,0.09889027725981192,-100.0,-100.0,0.04298516808180497,0.04111574872751367
0.12172478796744435,0.12043320613844632,-100.0,-100.0,0.036357937147552644,0.03578410135416221
0.12329976162538692,0.11953883038158553,-100.0,-100.0,0.04117664283785649,0.03843406231869695
0.11744343655809963,0.11548081025960899,-100.0,-100.0,0.027629169887020577,0.027504818680324283
0.10295289374934236,0.10265662485096472,-100.0,-100.0,0.04064313978569645,0.0403468708873409
0.08702716781370512,0.08463473993235271,-100.0,-100.0,0.028694580395290936,0.02869458039529338
0.10936283185108087,0.10936283185105178,-100.0,-100.0,0.019382304988233012,0.019382304988231125
0.09144808543751126,0.09045879302596738,-100.0,-100.0,0.031066509412557952,0.026636492800783174
0.12893508818935095,0.12737779576239416,-100.0,-100.0,0.0419671643784173,0.04196716437841064
0.1273236991744089,0.11983151678663784,-100.0,-100.0,0.05276929899207905,0.04432969780784546
0.09188726283958759,0.08886003340335347,-100.0,-100.0,0.03184853723414438,0.02856434292011567
0.12647807351420026,0.1264780735142037,-100.0,-100.0,0.044468602770592724,0.04320719221327696
0.10089548595956466,0.09853433690303548,-100.0,-100.0,0.024347854196559604,0.02054928866797001
0.10861302340954504,0.10577517072621179,-100.0,-100.0,0.05280682530862224,0.052291217707675974
0.12362216182877561,0.11993599490180795,-100.0,-100.0,0.05447861230719253,0.05181394896409097
0.11552027324192582,0.11531137969561867,-100.0,-100.0,0.04626875280062959,0.04605555950135842
0.08635436790238193,0.08549630675834785,-100.0,-100.0,0.032373862525592156,0.029940999141461866
0.12863531798605288,0.12014108283381397,-100.0,-100.0,0.039348981872682876,0.037842116270241144
0.10288428041402786,0.1002421115860832,-100.0,-100.0,0.05569652050590368,0.054403152255813714
0.10582424406195567,0.10537493897954897,-100.0,-100.0,0.04443843355749966,0.04100941675357728
0.08587590585532512,0.08503099754701349,-100.0,-100.0,0.05352647727992388,0.05299159494450545
0.12775472536736943,0.1261102022563474,-100.0,-100.0,0.0516211778159843,0.05132490891762598
0.08871339806040668,0.08712164832946834,-100.0,-100.0,0.029543110414498752,0.026424376184763232
0.09111762389271194,0.08967357002311027,-100.0,-100.0,0.03354035934683708,0.03243168635157656
0.12574845844050586,0.12574845844056726,-100.0,-100.0,0.03887133147641575,0.03833644914099499
0.11442027092066176,0.11075049034216655,-100.0,-100.0,0.032873230620868554,0.02865034126906929
0.12231749227398081,0.11761584654726576,-100.0,-100.0,0.0284922305494284,0.021012975120588084
0.09902108518044572,0.09320409682091602,-100.0,-100.0,0.02779682833874042,0.020589256311331683
0.10858114763692628,0.10255936022359402,-100.0,-100.0,0.04497262608629371,0.037968934199728244
0.07865469244082979,0.0770004053481852,-100.0,-100.0,0.04012385742675684,0.0369401788227115
0.1239098986893693,0.12115726346083111,-100.0,-100.0,0.028554617867681875,0.02855461786761382
0.08545376665495863,0.0825835164060047,-100.0,-100.0,0.02894851648065766,0.02805890285475854
0.10469440755486348,0.10274360626790235,-100.0,-100.0,0.0326526656213697,0.02928005380662213
0.08343841771274774,0.0823628247157564,-100.0,-100.0,0.04081952394073207,0.04001095032110291
0.12009240613771799,0.11945565051410789,-100.0,-100.0,0.04747927791461881,0.0437391796027472
0.11831287864346307,0.11622006461498735,-100.0,-100.0,0.04596013326444914,0.044147158157747945
0.12400149405703431,0.12245006130409952,-100.0,-100.0,0.04202083715002802,0.04078697373534368
0.12494407338186597,0.12371937726224758,-100.0,-100.0,0.023576945531413762,0.020193008800938106
0.123066623924593,0.12173537553896785,-100.0,-100.0,0.06776276441230877,0.06494361653051994
0.09946241762607011,0.09807712335768859,-100.0,-100.0,0.018768788533506386,0.017512030809111567
0.09964857123370785,0.09617787487917528,-100.0,-100.0,0.03345030546165573,0.030947971404683527
0.11357151930359988,0.11221036240574511,-100.0,-100.0,0.05907899414655471,0.058957322174105875
0.12034408507098404,0.11839582741941757,-100.0,-100.0,0.036963770568355425,0.03477822817282261
0.09797374857608687,0.0928296700315715,-100.0,-100.0,0.020181058929643392,0.01741066230908417
0.13210716562798952,0.13037960970074192,-100.0,-100.0,0.06056088217994726,0.058833326252929585
0.09271114328160346,0.09179092901298969,-100.0,-100.0,0.024110982335525,0.020522297326358352
0.12794604646493957,0.12794604646492735,-100.0,-100.0,0.058413958195084326,0.05811768929672678
0.10443867808197871,0.10370672866363018,-100.0,-100.0,0.03365610965636279,0.03043521587742648
0.0885024569112488,0.08763924118636279,-100.0,-100.0,0.02510764004600985,0.025107640045917146
0.11938215605577063,0.11938215605579172,-100.0,-100.0,0.03687107886884633,0.03687107886885166
0.08801441689952072,0.08639643320270818,-100.0,-100.0,0.030972486225673168,0.028930379365636694
0.08668590515548957,0.0840844745316136,-100.0,-100.0,0.02851895936939597,0.024643373355962117
0.13670123701738413,0.13670123701739456,-100.0,-100.0,0.04506928493757745,0.04506928493755347
0.13846740702560578,0.13681008728079203,-100.0,-100.0,0.07767334454712582,0.07492594226290916
0.12045949973858161,0.12026246240048288,-100.0,-100.0,0.04822204144811493,0.04796678955871858
0.11301475899406366,0.11049055872197233,-100.0,-100.0,0.03966624102052385,0.03663765637310723
0.08589689537449974,0.08332689861822284,-100.0,-100.0,0.029568548683465368,0.025211578792639466
0.09124056857897966,0.09074769363012791,-100.0,-100.0,0.02130761870918252,0.020670978950668606
0.11004676350624998,0.10890740204410676,-100.0,-100.0,0.03011488746560742,0.028169090200678926
0.1014813832292707,0.09908374219801142,-100.0,-100.0,0.04116215597047612,0.03984208647492504
0.11427744793136452,0.10629734881987352,-100.0,-100.0,0.029069407484120346,0.02565297084705087
0.10280734037373618,0.10280664063748302,-100.0,-100.0,0.04915306376372297,0.0491513193037989
0.10488612210929915,0.10084238718371696,-100.0,-100.0,0.04730248535993109,0.046642851657371476
0.11657905335694552,0.11391231522769851,-100.0,-100.0,0.05155396468482676,0.048192006271733256
0.09708477552410277,0.0966058132056945,-100.0,-100.0,0.038756598989333035,0.03824798719763134
0.12346037731096005,0.12346037731095738,-100.0,-100.0,0.06227341632015393,0.06224507761603204
0.0922525242245128,0.09225252422452879,-100.0,-100.0,0.015129596563884684,0.01432427968234895
0.08975546037382087,0.08588408637635536,-100.0,-100.0,0.018050735952851227,0.01726736376714566
0.11959662150124228,0.11798426237999804,-100.0,-100.0,0.06103709958324943,0.05414581956602138
0.12026514965465251,0.11576849816455326,-100.0,-100.0,0.04820535748298993,0.04120936067769665
0.1268699950177664,0.12603933938015266,-100.0,-100.0,0.05871548266431237,0.05474208532379632
0.10410506161293465,0.10385524222762454,-100.0,-100.0,0.02019284174133995,0.019658945010488593
0.09892638152646693,0.09711965826409497,-100.0,-100.0,0.02487329209474387,0.023060836850887556
0.11738064301182727,0.11492071483618238,-100.0,-100.0,0.03309696226062042,0.03309696226062053
0.09829527607096,0.09737801471191854,-100.0,-100.0,0.054284791387457565,0.05336753002842154
0.09687832815733322,0.0962916195592245,-100.0,-100.0,0.053944963438971705,0.053414194416653404
0.11750561576322116,0.11379810774979049,-100.0,-100.0,0.03720765908780033,0.03536449507530515
0.07175420041964253,0.06989731848211966,-100.0,-100.0,0.028921138483132047,0.026907755675446565
0.10242221298249676,0.09897079003855258,-100.0,-100.0,0.04757092838571153,0.04667417027017451
0.10570879719025283,0.1057087971902515,-100.0,-100.0,0.018757797117345598,0.01875779711734271
0.10504737929833619,0.10504737929832741,-100.0,-100.0,0.033394954094304485,0.03339495409430304
0.09335380074248179,0.09250079183895843,-100.0,-100.0,0.037674937054008484,0.037075272609549126
0.09825794369833551,0.09825794369833707,-100.0,-100.0,0.05313508242108722,0.053135082421090885
0.0678267913613736,0.06594910438654766,-100.0,-100.0,0.037214214330173245,0.03538579928661323
0.11302713241795481,0.11302713241789786,-100.0,-100.0,0.034169515711426124,0.03416951571141247
0.10731398078166765,0.1067327792140107,-100.0,-100.0,0.04252908085594398,0.0413082813658483
0.10712473449337068,0.10690284394362881,-100.0,-100.0,0.03775774490437667,0.03760109336766959
0.08948381996899357,0.0873176402198318,-100.0,-100.0,0.030348247589037203,0.02693234519857457
0.12062768495150811,0.11696488824773144,-100.0,-100.0,0.031896844123050494,0.028674952126906517
0.08185565680438012,0.07977403774973024,-100.0,-100.0,0.02205661839729589,0.02205661839729589
0.09087547530423368,0.09084996091500175,-100.0,-100.0,0.03191102034382809,0.03162046344220748
0.14103266004589032,0.1410326600458749,-100.0,-100.0,0.034747809547443165,0.03474780954744516
0.11756373637192352,0.11575186750020316,-100.0,-100.0,0.04345099207023306,0.0416370743921568
0.11259485025957228,0.11259485025956506,-100.0,-100.0,0.04707890091200517,0.04707890091200617
0.08914655207395361,0.08805495192790525,-100.0,-100.0,0.03254476216781654,0.031679326946182584
0.11334221789498755,0.11304582750692715,-100.0,-100.0,0.035807341447722685,0.03554404962735802
0.08230650106623794,0.08156487016525749,-100.0,-100.0,0.032155719358231805,0.03215571935823325
0.08327272033868294,0.08150975407596617,-100.0,-100.0,0.026581044139452614,0.025518305839578037
0.09203789103999704,0.09143450633474504,-100.0,-100.0,0.023872688889780336,0.023517079025611842
0.11619352932453475,0.11598207287765616,-100.0,-100.0,0.06035674603110941,0.058386118125662745
0.11270693122419995,0.111843715499643,-100.0,-100.0,0.03735455893221784,0.037354558932219284
0.11291029473493674,0.11075777891845207,-100.0,-100.0,0.038843690938358044,0.03818276414363264
0.09116927514953199,0.09116927514949968,-100.0,-100.0,0.044340747354834065,0.043934054795012445
0.12584866922016325,0.1256751920791931,-100.0,-100.0,0.05519485014837189,0.05514220157268146
0.10689018035980391,0.10628542751052139,-100.0,-100.0,0.03431465163481451,0.029294091887049456
0.14072308331804972,0.13897888795618463,-100.0,-100.0,0.062242416218130314,0.061862982482957074
0.1300423151867589,0.12969142738811468,-100.0,-100.0,0.04103044263394895,0.040792532818951455
0.12124468170659741,0.12124468170659863,-100.0,-100.0,0.0359636648809476,0.035963664880949486
0.12112418272456682,0.12018057314595043,-100.0,-100.0,0.04397604631881957,0.043723041025810705
0.07865237720215401,0.07666605065604537,-100.0,-100.0,0.03084904177333503,0.028655237096192998
0.08402412602209386,0.08369007194239508,-100.0,-100.0,0.024550145493537623,0.023277704949895006
0.10115015489447454,0.10102115278368695,-100.0,-100.0,0.03728780453097513,0.037287804530980684
0.12336281220856748,0.12004929919327068,-100.0,-100.0,0.0479267090632951,0.04598825913374438
0.11686099007326978,0.11434008613076707,-100.0,-100.0,0.05318335930339946,0.05142308526959116
0.11039873779879927,0.11039873779881682,-100.0,-100.0,0.019987305896651986,0.019987305896649765
0.12343560781756868,0.11952767993688962,-100.0,-100.0,0.056183297854567105,0.05329833638383852
0.09587658528820453,0.09460754997657295,-100.0,-100.0,0.031255893095919696,0.029131816791553966
0.1309717224912491,0.12743883122944666,-100.0,-100.0,0.05272452231119562,0.051106389162787313
0.11047049404891829,0.11047049404890674,-100.0,-100.0,0.029858895537598684,0.029324788733612106
0.12338180771612173,0.12175597733078991,-100.0,-100.0,0.03385352617727477,0.03293910350359208
0.0961789445062955,0.09582906304787975,-100.0,-100.0,0.0367132098013665,0.03635670673183167
0.10902981657783462,0.10758380742959861,-100.0,-100.0,0.04845980124203941,0.04796922112067614
0.10734188866762717,0.10607100191004148,-100.0,-100.0,0.038606125563231064,0.03469957370821719
0.0850056472443268,0.08447452367743224,-100.0,-100.0,0.017868185151500238,0.017868185151506233
0.1411334528725493,0.14005018592983087,-100.0,-100.0,0.03062412764567557,0.029240086485039396
0.1583208660651636,0.15702392340963955,-100.0,-100.0,0.05564038572190089,0.05282585870690448
0.11730803452015659,0.11447411466498114,-100.0,-100.0,0.03465378940217878,0.03211688599725493
0.11882362889342568,0.11850424605112164,-100.0,-100.0,0.03956177405326078,0.039431797379096745
0.13256278384135212,0.12973575392797843,-100.0,-100.0,0.06829312918982011,0.06509893358832985
0.07852862422751938,0.07850845978084575,-100.0,-100.0,0.030157876041537968,0.030052310083334977
0.12549684673405115,0.11963689740638173,-100.0,-100.0,0.047459616930352944,0.04431929841759541
0.10263945454984547,0.10164608427272848,-100.0,-100.0,0.03139330845079735,0.030763805098623864
0.09560519543811996,0.09528291466480765,-100.0,-100.0,0.029530730858114973,0.02953073085811031
0.11556700674670017,0.11277906836246232,-100.0,-100.0,0.04680492183473217,0.04319016247105756
0.1012275705641863,0.09948905485518933,-100.0,-100.0,0.05581819168457791,0.05581819168458424
0.10863620578589761,0.10711448942142177,-100.0,-100.0,0.030385516439885074,0.028483110095621322
0.0889370393394785,0.0865145149054879,-100.0,-100.0,0.03675738856536259,0.03366757875042481
0.09453339354683588,0.09453339354687018,-100.0,-100.0,0.04413304095957116,0.0430841849684388
0.11312194027355582,0.11147143313954433,-100.0,-100.0,0.03508653654972105,0.03325633689531904
0.11761983679201815,0.11530452550271286,-100.0,-100.0,0.04219321186620795,0.041215734794810444
0.08882218134068542,0.08826295413186303,-100.0,-100.0,0.03456856876146097,0.03329627567664817
0.08472094215883186,0.08338826689259282,-100.0,-100.0,0.026584748688907256,0.023387663809600223
0.1159454822601621,0.11354990171692614,-100.0,-100.0,0.033394027883999144,0.030207200270443546
0.12023833580135912,0.11916789766510627,-100.0,-100.0,0.036083354354698005,0.036074253723787586
0.1099004300270896,0.10765034258658934,-100.0,-100.0,0.0501249833753068,0.04889111996062678
0.09602609506840165,0.093610453450936,-100.0,-100.0,0.050829138205562674,0.04910158227855077
0.11789327137378569,0.11442583405168305,-100.0,-100.0,0.029904112817155437,0.02584898473578745
0.10762087773721118,0.10124388988386013,-100.0,-100.0,0.04638033518774476,0.04526186016680145
0.10875753717977121,0.10802473361129816,-100.0,-100.0,0.04355999179951309,0.043559991799507536
0.12347153709486092,0.12310442079475514,-100.0,-100.0,0.04450697287251937,0.04400879671589575
0.09763481191410739,0.09763481191410639,-100.0,-100.0,0.032275688785551204,0.03227568878555287
0.11766224552964721,0.1176622455296471,-100.0,-100.0,0.03277784370640191,0.03277784370640213
0.09731406469097548,0.0899702269087661,-100.0,-100.0,0.035953511993561005,0.031497517780950224
0.09217331304480714,0.08934331969289055,-100.0,-100.0,0.024545069111467144,0.021023329095722576
0.1140359121387986,0.1111701067068197,-100.0,-100.0,0.05417150888608502,0.05302401514859101
0.09918261326391342,0.09833988068006838,-100.0,-100.0,0.02980277142751553,0.02722407295505036
0.08195282156228789,0.08157905389392894,-100.0,-100.0,0.04548206410545785,0.04378304286465917
0.11505097854268598,0.11313704902548816,-100.0,-100.0,0.04417123112057386,0.040286968759485564
0.11146474371672688,0.11038774473708757,-100.0,-100.0,0.05646329127937211,0.055386292299740125
0.11621384484034514,0.11618901127961956,-100.0,-100.0,0.06680515609446569,0.06672662831449061
0.10228252053615117,0.09767154206976436,-100.0,-100.0,0.04544471568146391,0.04240778732569184
0.09931756572366479,0.09841833415687207,-100.0,-100.0,0.045284068151386414,0.04483867985003631
0.11617802042184189,0.11617802042186187,-100.0,-100.0,0.05859938394282238,0.05859938394283226
0.07548155596853823,0.07476719219982186,-100.0,-100.0,0.02630330077010523,0.024937079126893913
0.11321840058997013,0.11321840058997024,-100.0,-100.0,0.04061977181853027,0.040009934547999726
0.10548634688212222,0.10137963736871125,-100.0,-100.0,0.06311186740237584,0.06240010338218971
0.09480246913108525,0.09292781362986657,-100.0,-100.0,0.0272202838935367,0.02598034805682381
0.08471482123835972,0.08244412782497956,-100.0,-100.0,0.040879324105931314,0.03860863069253606
0.0831345451989659,0.08125685822367457,-100.0,-100.0,0.03674663238391185,0.0367466323839124
0.12122550566430434,0.11992388487825156,-100.0,-100.0,0.036144235936727886,0.03614423593672755
0.14114993261943876,0.1350608098441457,-100.0,-100.0,0.05015518853228673,0.040981516511173544
0.08951068715788246,0.08826277131349203,-100.0,-100.0,0.034257852000945443,0.03281556644422079
0.11104194681599922,0.11008044645611914,-100.0,-100.0,0.05885805529670596,0.05885805529679056
0.11457257485221461,0.10873692980803806,-100.0,-100.0,0.04750087714279094,0.041163562419434196
0.07597401994152475,0.0756720665128725,-100.0,-100.0,0.040498244424670204,0.03953439500681544
0.09847512940755143,0.0984751294075229,-100.0,-100.0,0.040823969936825244,0.04082396993681614
0.10360773359995679,0.10170575982398233,-100.0,-100.0,0.03456018912862291,0.033476921391434655
0.09083988118654784,0.09030833239572766,-100.0,-100.0,0.04123609049123611,0.040020420130817747
0.09194771097267485,0.09028809158053885,-100.0,-100.0,0.020650377159278643,0.01879874267123105
0.10485780624370677,0.09808040390242767,-100.0,-100.0,0.026374990276550325,0.023928058948507247
0.10651876079495137,0.10568786675120612,-100.0,-100.0,0.047512890598032986,0.04751289059810482
0.09732774280185519,0.09732774280184564,-100.0,-100.0,0.02796023521438551,0.026916885942472435
0.11987167158971967,0.11518012604040007,-100.0,-100.0,0.05262169161402863,0.048868495613602736
0.08560894099124572,0.08508780363137858,-100.0,-100.0,0.024567934807753544,0.0244381909641207
0.12352679257749566,0.11788661757869279,-100.0,-100.0,0.04519296259854699,0.04301556542394869
0.09685015018290677,0.09302735492539438,-100.0,-100.0,0.02426435460573806,0.022786026026232475
0.09645382610941078,0.09615608756491911,-100.0,-100.0,0.03237780184977135,0.03177283597083613
0.11111092326062655,0.10985973650762137,-100.0,-100.0,0.03754806553056267,0.0363592927194919
0.10145668999288904,0.09947003862382942,-100.0,-100.0,0.03119444456793974,0.028495830662905064
0.07142821245542397,0.0705200657516446,-100.0,-100.0,0.0275754292696615,0.025968239230846235
0.12915412211397437,0.1291541221138912,-100.0,-100.0,0.03764069600507247,0.03619841044831085
0.09404986751650934,0.0940498675165079,-100.0,-100.0,0.05519168025413401,0.05423800259168943
0.07223211553250919,0.0687444232873553,-100.0,-100.0,0.02286901434583677,0.020333050034847977
0.09295287783031936,0.09043246681692185,-100.0,-100.0,0.025966362637854346,0.02573891103865089
0.11583565911867355,0.11229997583561402,-100.0,-100.0,0.024666805033401573,0.018869287187533668
0.10984426892669164,0.10915618323608356,-100.0,-100.0,0.036129493549000524,0.03612949354899986
0.08893921730254539,0.08789023859953193,-100.0,-100.0,0.028649659418223283,0.027695981755779808
0.1159901587171287,0.11398291522267867,-100.0,-100.0,0.05424092366297195,0.05151080083183035
0.11881744071513445,0.11881744071513367,-100.0,-100.0,0.031400588171327515,0.031400588171321964
0.13124427085504042,0.12494905422509883,-100.0,-100.0,0.03693209933109043,0.03316254324443335
0.0809928754090663,0.0807350288476335,-100.0,-100.0,0.033892777517893324,0.033890351057713985
0.1148987131876732,0.11377713682859047,-100.0,-100.0,0.03939483136247057,0.03684937606780192
0.11902531225542823,0.11719844476908625,-100.0,-100.0,0.05308112531590603,0.049878737063114076
0.10121543812603795,0.10108631237241605,-100.0,-100.0,0.02273897880603326,0.019803053590217168
0.0970868033553921,0.09657253165211677,-100.0,-100.0,0.016355626982076377,0.01426127423547563
0.1129734361178033,0.10970196246768926,-100.0,-100.0,0.06903738231582346,0.06589409298941351
0.11763516900390492,0.11761099591358759,-100.0,-100.0,0.03780231377691878,0.037802313776914453
0.10946864521365995,0.10865027728893961,-100.0,-100.0,0.03467960963913086,0.034154081280949766
0.09493979065933944,0.09110402210924973,-100.0,-100.0,0.05860411187468806,0.05719258601758204
0.09305938670242553,0.09030577381672611,-100.0,-100.0,0.02691516532307947,0.022984060948409546
0.0838745789393801,0.08362190497966338,-100.0,-100.0,0.0468540710957126,0.045942603248173786
0.11073408644961202,0.11003738294987164,-100.0,-100.0,0.032265197984837624,0.026515451968819215
0.09903406066742126,0.09903406066742015,-100.0,-100.0,0.02913473285487067,0.029006684432217766
0.12823062823852083,0.12816206114646,-100.0,-100.0,0.034573355204572054,0.034545320670950175
0.08944821515544976,0.08855882302129414,-100.0,-100.0,0.03302786870414953,0.03131954150799465
0.09723674569897489,0.09706238172804837,-100.0,-100.0,0.041843788323801645,0.04139061177430958
0.10832545555715689,0.10763383775072644,-100.0,-100.0,0.035032541216029056,0.03434092340994355
0.10418181012104111,0.10232937701884848,-100.0,-100.0,0.03752762804170806,0.035876570502488825
0.13081554315504318,0.1267536401732493,-100.0,-100.0,0.050022577829217596,0.04322406784211552
0.08195643263476715,0.07852408739017547,-100.0,-100.0,0.034985742822562615,0.030164814362332315
0.10175957359961063,0.09823495206198152,-100.0,-100.0,0.025908808964226093,0.021251958142008198
0.07761951617492369,0.07644432220766628,-100.0,-100.0,0.03152984825718064,0.03144894119476316
0.08771394459352244,0.08763254712428126,-100.0,-100.0,0.03473351769132349,0.03449144258102277
0.10773746103674098,0.10600392994117791,-100.0,-100.0,0.032344509430988544,0.02914883790940892
0.11116841324215376,0.11045995574706036,-100.0,-100.0,0.04090631192227956,0.035921722051090565
0.12193327086925465,0.1201797501552404,-100.0,-100.0,0.052151266722449297,0.0509051567026253
0.109071887014346,0.10822399479305078,-100.0,-100.0,0.029186287201506844,0.028673349907948675
0.12070323291776297,0.11915930625642934,-100.0,-100.0,0.05475827403842959,0.05321434737710151
0.10013115800074968,0.09684238742102158,-100.0,-100.0,0.02851676706407491,0.024776668752207853
0.11632387392473997,0.11632387392992549,-100.0,-100.0,0.041761864019502104,0.04175354963643374
0.1157805085738084,0.11578050857381061,-100.0,-100.0,0.03769781935510608,0.03769781935510741
0.10602799064108204,0.10211132300615589,-100.0,-100.0,0.035487175320132125,0.03227451838602735
0.10919927415392838,0.10768786496175531,-100.0,-100.0,0.03794585179812826,0.03670668936499544
0.10741968502534016,0.10650064322867303,-100.0,-100.0,0.027231190565713215,0.026169301143994184
0.09665890693519863,0.09629052862091814,-100.0,-100.0,0.0454292258677611,0.04542922586776155
0.10022511237409826,0.09540963255770585,-100.0,-100.0,0.033887824794468946,0.0313527529509392
0.10710219500742013,0.10558630350596765,-100.0,-100.0,0.032918144834147345,0.027746327871508436
0.09070279715410379,0.08868630882356121,-100.0,-100.0,0.024348373003167945,0.021248087980243913
0.08771839235614742,0.08500108279198426,-100.0,-100.0,0.04365917566023003,0.037943952448281415
0.09847088215803979,0.09669291221946463,-100.0,-100.0,0.03981545199200265,0.0386451102638542
0.10718409475956525,0.10430300444748708,-100.0,-100.0,0.03989194105127425,0.0371292759024443
0.11613821335980379,0.11613821335982832,-100.0,-100.0,0.04855343240175425,0.04855343240175447
0.1055763228079365,0.10443127851943312,-100.0,-100.0,0.05983807421018106,0.05793053634523737
0.10129732567235095,0.10016789048629482,-100.0,-100.0,0.03772877515698181,0.03477706628888222
0.11740016033859801,0.1168024546891786,-100.0,-100.0,0.04699969127528425,0.04545097513579499
0.09787898030374143,0.09787898030375408,-100.0,-100.0,0.034936459683752474,0.034874731412440685
0.1302917276234129,0.1276829680308097,-100.0,-100.0,0.0428491079189397,0.04130163627761996
0.12603463466788678,0.1253435255519889,-100.0,-100.0,0.03688631091236538,0.03638434516069111
0.10568864635806652,0.09900452900192447,-100.0,-100.0,0.035760896440427015,0.035151059169896914
0.11177633787803964,0.11152059146734994,-100.0,-100.0,0.037362030798111845,0.03715187794786445
0.10102939161258451,0.0968830609271566,-100.0,-100.0,0.035710347764660866,0.031883375118684665
0.1202630775378668,0.11976281053575821,-100.0,-100.0,0.06030832084775284,0.05953494760289457
0.09770793284885049,0.0961684949920305,-100.0,-100.0,0.03542660355815075,0.03185193895640781
0.09723614417818605,0.09689045990007827,-100.0,-100.0,0.016481119938410504,0.015333726218396793
0.12126239068084643,0.12126239068080813,-100.0,-100.0,0.04062463696024732,0.040411443660872015
0.10902416068367549,0.10608147324068018,-100.0,-100.0,0.027887909783181453,0.02384847349061181
0.08926621282520752,0.08868871924588051,-100.0,-100.0,0.0433442375899763,0.04232892903696339
0.0901192869042895,0.08899708660081573,-100.0,-100.0,0.03805584837672482,0.036586486860242795
0.10012885437417596,0.10012885437415331,-100.0,-100.0,0.035088944242096076,0.03508894424197595
0.13066526376859333,0.12833959342198775,-100.0,-100.0,0.056335694729169106,0.052659315762436654
0.10109317499633474,0.09665675784820094,-100.0,-100.0,0.059117524434919244,0.0558812559613272
0.12439475247230147,0.12032647732324941,-100.0,-100.0,0.04529306038954639,0.04222144202479017
0.09019115225616126,0.09019115225616536,-100.0,-100.0,0.03894970087522798,0.03894970087523031
0.11231518943707519,0.11231518943707686,-100.0,-100.0,0.05209284290208904,0.05209284290210214
0.1310651445947133,0.1299989976616691,-100.0,-100.0,0.048446034331415144,0.04844603433139372
0.10114087244805281,0.09793654558902465,-100.0,-100.0,0.04696622770496928,0.04494126511535845
0.09049293885625631,0.09033501280257972,-100.0,-100.0,0.04349621068624343,0.043338284632539636
0.13368483734017234,0.12850176253041412,-100.0,-100.0,0.04082872409591065,0.028844858969117038
0.12928666237292985,0.12896350860218786,-100.0,-100.0,0.04390134564563575,0.04390134564563519
0.09963294538895218,0.09804119565800318,-100.0,-100.0,0.022453678017970713,0.019492205482050218
0.1109362650885568,0.11093626508855725,-100.0,-100.0,0.05022875275041372,0.0502287527504135
0.10746107432997631,0.10701702018699055,-100.0,-100.0,0.026843158072409334,0.026732453438142345
0.0949462844587825,0.09471394593272542,-100.0,-100.0,0.04055264382954593,0.040552643829536716
0.11388097559479637,0.11345702845887418,-100.0,-100.0,0.03634619675153172,0.035788584949247304
0.07878153081338057,0.0770648253591345,-100.0,-100.0,0.02569214262466435,0.02434423561404675
0.11433603150351357,0.1142184160059696,-100.0,-100.0,0.030072997349657182,0.030072997349656072
0.0940326503473019,0.09175380281109846,-100.0,-100.0,0.0326299035247547,0.03112799175008263
0.07878419371096212,0.07662841396895392,-100.0,-100.0,0.02281465449320208,0.021047504998984
0.09360372525302896,0.09173662255778137,-100.0,-100.0,0.038065794420273136,0.03432569610840319
0.10005081812228123,0.09843209576338863,-100.0,-100.0,0.03775093863414014,0.03775093863413881
0.08968408457532617,0.08949779225451315,-100.0,-100.0,0.027887181130647254,0.027800032416831044
0.10377893527798365,0.10192579463419005,-100.0,-100.0,0.04879388426252507,0.04581279845152053
0.08693479913621727,0.08693479913622504,-100.0,-100.0,0.036144396075126206,0.03614439607512676
0.12483023612386301,0.12374170747027502,-100.0,-100.0,0.03659498038873088,0.035797671122891006
0.11221486420784721,0.10931723467605559,-100.0,-100.0,0.021709303869787755,0.014060277587538028
0.08739950871929059,0.08739950871930757,-100.0,-100.0,0.03865613710333382,0.038507645285926095
0.14719181180962726,0.14494378615784065,-100.0,-100.0,0.043575724501428326,0.04177424997305412
0.09604969594358903,0.09434430060813925,-100.0,-100.0,0.054970904703929624,0.054048617626365925
0.1216848794891483,0.12168487948914264,-100.0,-100.0,0.056474884471892306,0.05647488447189197
0.08048125683632801,0.07873926483285865,-100.0,-100.0,0.040794762960176256,0.040790311109945354
0.12268604356906976,0.12155102836956833,-100.0,-100.0,0.03301906177196967,0.030464124131279746
0.0948256236342756,0.09058357778036463,-100.0,-100.0,0.022933385121972183,0.017881574424334468
0.13387748776209707,0.13328735545529624,-100.0,-100.0,0.060218115476490586,0.05962798316969109
0.10270625129345445,0.09978710356133913,-100.0,-100.0,0.03438530629445369,0.03335455725210967
0.12135409476170289,0.12076059475146095,-100.0,-100.0,0.0316235627477266,0.03162356274772771
0.13174067309772075,0.12989595863177072,-100.0,-100.0,0.05833344431172882,0.05709958089704381
0.08891320569607253,0.08778080244715669,-100.0,-100.0,0.01557146651418384,0.013661537498832255
0.09644253043654172,0.0932529039712584,-100.0,-100.0,0.03308607817441023,0.031061115584812837
0.1137773450166496,0.11086410387459811,-100.0,-100.0,0.04736158815475444,0.04614117246989813
0.12360315264125399,0.12281655157659144,-100.0,-100.0,0.03532787345166499,0.03498950331475992
0.11111420204276401,0.1016212788119808,-100.0,-100.0,0.04390188875019718,0.03908003345398914
0.15869600394251238,0.15644797829072665,-100.0,-100.0,0.04475946305563028,0.04295798852725752
0.09282380855841776,0.09208336714051768,-100.0,-100.0,0.036916861149278946,0.03691686114927106
0.100450654264856,0.09748188193450225,-100.0,-100.0,0.0367908308889513,0.03539832344866667
0.08159420849115218,0.08031022740081761,-100.0,-100.0,0.035840252911464976,0.03535098862547992
0.09648677314491327,0.09597392700616014,-100.0,-100.0,0.03470502606064574,0.03470502606063697
0.11379558776949061,0.11103898625702557,-100.0,-100.0,0.05220489604352996,0.04955286993707397
0.11662444167139929,0.11662444167139507,-100.0,-100.0,0.026400940705379794,0.02640094070536836
0.09862570643669033,0.09862570643668223,-100.0,-100.0,0.03585711123973945,0.03585711123972357
0.10381474864039753,0.10264653594934803,-100.0,-100.0,0.03970757536041469,0.03665772832827763
0.11504367134603455,0.11437918448111173,-100.0,-100.0,0.03939038592500921,0.03913409754083419
0.12553609842422242,0.12317339799227423,-100.0,-100.0,0.04545024179250634,0.04502553656650987
0.09783775197179079,0.09737456677133716,-100.0,-100.0,0.03005670664172133,0.029818264223800517
0.09992358944237523,0.09992358944237734,-100.0,-100.0,0.026342431105070174,0.026342431105091046
0.11952500375780606,0.1166853182802462,-100.0,-100.0,0.03713032463153332,0.03688654831235694
0.08454727797319894,0.08364521201837483,-100.0,-100.0,0.036657363298999934,0.03565747358957294
0.08679731690030379,0.08469711740987107,-100.0,-100.0,0.025881214923801243,0.0247531851317071
0.11696972946626394,0.11502854853741118,-100.0,-100.0,0.046059403758458184,0.044140772706336096
0.07826911818138738,0.07731496372959201,-100.0,-100.0,0.04095272779719672,0.04064805703300933
0.06614620902201707,0.06567489816285832,-100.0,-100.0,0.028444085550175524,0.027683857916416144
0.09075891812483494,0.08950514516733166,-100.0,-100.0,0.04928763909829925,0.04804959342456083
0.13005502918773437,0.12772935884127468,-100.0,-100.0,0.0728242976939173,0.07282429769391607
0.10584808502584042,0.1057495134122195,-100.0,-100.0,0.04697004174646702,0.044839699218535256
0.11838382415497117,0.11826709051789674,-100.0,-100.0,0.05707524976460543,0.05707524976460676
0.122624647550854,0.11983386126939055,-100.0,-100.0,0.06068838860840786,0.054251445162595724
0.08925566150308306,0.08905831654429819,-100.0,-100.0,0.04272313596658506,0.03853524994766133
0.1031875789822202,0.10267156400164823,-100.0,-100.0,0.04618108879532201,0.04605416236879056
0.11120384090358204,0.10967358882571465,-100.0,-100.0,0.03916093714847246,0.03649923776349051
0.11391487962459756,0.11318478994624503,-100.0,-100.0,0.03754907910764371,0.03561902481191259
0.09970590516357736,0.09862241946212025,-100.0,-100.0,0.02400059490868045,0.022486970510231963
0.11423683717459476,0.11390233385812398,-100.0,-100.0,0.04758659902486184,0.04730893066019526
0.08819806053250523,0.08742371535914739,-100.0,-100.0,0.033998169152539726,0.03380795971555928
0.0866432059405392,0.08626943827227218,-100.0,-100.0,0.022014566859421714,0.02141943013420622
0.10585131995367325,0.10508313471148156,-100.0,-100.0,0.05218795112993735,0.0497821596068333
0.0892277040831333,0.08533922813579087,-100.0,-100.0,0.050944914113162376,0.048118592981482466
0.13369957952268174,0.13293965811003372,-100.0,-100.0,0.059117137022767,0.059117137022760446
0.09969606678403364,0.09892353935405529,-100.0,-100.0,0.023062447843958056,0.015426520061611937
0.11678122059954799,0.11221566066528454,-100.0,-100.0,0.06556755740443498,0.05841609370210421
0.11256604387805869,0.11092379729648671,-100.0,-100.0,0.04624747101798099,0.043110412996557046
0.11694997488286896,0.11648154225975005,-100.0,-100.0,0.04499362672916918,0.04307066215640254
0.0920333393487115,0.08932799134340208,-100.0,-100.0,0.04280100973041234,0.04034744174677818
0.09903414930041488,0.09586441087708386,-100.0,-100.0,0.026430248641346132,0.024390818375555567
0.10910806247612714,0.1066596158666504,-100.0,-100.0,0.02886544558678472,0.028865445586783833
0.11131314435345818,0.10936750521001115,-100.0,-100.0,0.040798269027146894,0.03458615318701186
0.12232582454110674,0.11804985943737811,-100.0,-100.0,0.07009938040109964,0.06588080407619801
0.14546375220102792,0.14433424692079289,-100.0,-100.0,0.06352847278642715,0.061792574512185006
0.10424625359347672,0.10110916113452051,-100.0,-100.0,0.02891608550213698,0.024904944926741335
0.1192159499242087,0.11847481944415328,-100.0,-100.0,0.0479811711753203,0.045210774554758304
0.10778426075951542,0.1077842607594508,-100.0,-100.0,0.03886528370810938,0.03886528370812403
0.10672038465541356,0.10672038465577893,-100.0,-100.0,0.036764448743176414,0.03676444874318119
0.10296879290416572,0.09974802135298377,-100.0,-100.0,0.026416110257272973,0.024073696931857125
0.10671411834254818,0.10461615488398246,-100.0,-100.0,0.040746908480412514,0.034748387458168994
0.09547504111694893,0.09452258902608845,-100.0,-100.0,0.021573628216797314,0.020770623156380674
0.11997209209357418,0.1199228950159551,-100.0,-100.0,0.039559261389545464,0.03946631797166911
0.09721654501439292,0.09631175062220887,-100.0,-100.0,0.028807667373829116,0.028767758146697076
0.08627542829193868,0.08340517804298542,-100.0,-100.0,0.03144925024425882,0.029464425553514473
0.10871594194573142,0.10792990688665915,-100.0,-100.0,0.049396441767729615,0.046364003880595694
0.09893022870433055,0.0964703005286921,-100.0,-100.0,0.02818072158915985,0.027460540315205728
0.10636224110553649,0.10305257492422859,-100.0,-100.0,0.04496120146679217,0.04003805395722282
0.11153042610046038,0.1093112609750061,-100.0,-100.0,0.02391214839994149,0.023354589111015622
0.09471182754376295,0.09201522117908567,-100.0,-100.0,0.027715974933318566,0.024053240039859425
0.08329729713375444,0.08208756502376824,-100.0,-100.0,0.019598069704791943,0.018515882409855466
0.083966755824888,0.08273026715395027,-100.0,-100.0,0.012645964675451316,0.012645964675449428
0.11316733679284496,0.11157998971766425,-100.0,-100.0,0.04360713781826986,0.042735442521133926
0.08473578581278562,0.0847357858132548,-100.0,-100.0,0.02001126915006113,0.020011269150508326
0.09824867627215794,0.09784122650398763,-100.0,-100.0,0.03217165736842187,0.029694722970486698
0.11702590396484802,0.11378963549125509,-100.0,-100.0,0.04177425892676201,0.040183017927055587
0.10615721606621742,0.10596564488374882,-100.0,-100.0,0.04054379767188987,0.03919805885265237
0.10550556714442971,0.10360483134148668,-100.0,-100.0,0.038599525858205475,0.03739823958346622
0.10891042169961707,0.1077757896239051,-100.0,-100.0,0.026043061625479424,0.024451404330113724
0.08853942200661602,0.08813485329367898,-100.0,-100.0,0.036373566703202465,0.036230270111223595
0.10604796002587558,0.10493572992990408,-100.0,-100.0,0.017685205686945538,0.016460513983066916
0.12898524931034128,0.12839174929992425,-100.0,-100.0,0.04298633104877325,0.04045895053862336
0.10050245879785369,0.09684020856189246,-100.0,-100.0,0.03652870696750887,0.033418658667650813
0.10857183161690431,0.10800049995692185,-100.0,-100.0,0.02797290792294682,0.027394242795466872
0.12944406056657942,0.12780148066084984,-100.0,-100.0,0.035096788830910386,0.03451760385290825
0.10539985426007181,0.10485767913935429,-100.0,-100.0,0.04529055708725138,0.04529055708724816
0.09332875399788731,0.09280456704166973,-100.0,-100.0,0.043083751477334675,0.03846180269120214
0.09115796390956943,0.08884434718637235,-100.0,-100.0,0.04247041329678747,0.041188176518200725
0.11961621567511083,0.11586186479363136,-100.0,-100.0,0.04752560862479449,0.04489802906210105
0.12960837858437602,0.12630268220855045,-100.0,-100.0,0.04137188415689541,0.03732517263392121
0.09297384576489509,0.08852198772195186,-100.0,-100.0,0.04017872414378587,0.03835829880823205
0.11384374428762478,0.10579875755293933,-100.0,-100.0,0.031647038101749736,0.03164703810179936
0.1008293694046225,0.09767701196425782,-100.0,-100.0,0.03737196415022548,0.034927096880410624
0.08675660007495467,0.08412250028710289,-100.0,-100.0,0.03344227246400222,0.03313677145726557
0.1091663413529429,0.10899062060601017,-100.0,-100.0,0.04577002373023342,0.045734703222739426
0.12370289476879304,0.12014895953205773,-100.0,-100.0,0.04383835218673293,0.041793501696891555
0.10056620636352054,0.0991876096658052,-100.0,-100.0,0.030693599621943513,0.029061053498265488
0.11953337543657205,0.11903310843443649,-100.0,-100.0,0.05540283296886983,0.0546294597240099
0.0859342094749761,0.0838857651846201,-100.0,-100.0,0.029921153720389948,0.02686478071084286
0.11425966868877147,0.11264101316770248,-100.0,-100.0,0.04039557946958594,0.040011641098450124
0.1211983915818109,0.12119839158199375,-100.0,-100.0,0.044252447260006544,0.04425244725999988
0.0900128023925919,0.0880925392681805,-100.0,-100.0,0.03802015412883808,0.035766809000680855
0.07979030440922896,0.07824977105704878,-100.0,-100.0,0.033640314746003375,0.0283414731165611
0.0994739183796427,0.09940910114309731,-100.0,-100.0,0.05362455010249578,0.053576844965930626
0.10694150094292942,0.10558624856569554,-100.0,-100.0,0.040913410593105826,0.037963925070419124
0.13978645960980218,0.13953659032190302,-100.0,-100.0,0.07862976611238282,0.07799674081367325
0.11200159759122774,0.1099749286118914,-100.0,-100.0,0.06377270330685036,0.05930087962625141
0.11154140590629336,0.11154140590673223,-100.0,-100.0,0.036721969146073175,0.03672196914607295
0.1278380550633793,0.12783805506338675,-100.0,-100.0,0.04545233359007117,0.04545233359007117
0.07938298992291715,0.0791758067580971,-100.0,-100.0,0.027282916434875792,0.026307253448389578
0.09724586013177627,0.09303818808551156,-100.0,-100.0,0.051219246100312255,0.04803039512309626
0.12060397683544555,0.12060397683543633,-100.0,-100.0,0.03933167727033304,0.038490471024731354
0.1054966075461844,0.10549660754618873,-100.0,-100.0,0.029283525300522695,0.029283525300502156
0.12221924247473803,0.11918680458761644,-100.0,-100.0,0.056771639724580325,0.053739201837450956
0.098229129832617,0.09766392491563325,-100.0,-100.0,0.029849501206617113,0.027276530009030964
0.1268670568545066,0.12582584786645779,-100.0,-100.0,0.05270738421837273,0.0516996146630051
0.10157869748863113,0.09501668927023299,-100.0,-100.0,0.028789522627508668,0.023442051617491133
0.12012527167031939,0.1154998242163301,-100.0,-100.0,0.023981703278284527,0.016119243410069317
0.10867591656564479,0.10867591656564546,-100.0,-100.0,0.02669806839328215,0.026698068393280372
0.10180662714614197,0.09992868392910625,-100.0,-100.0,0.024692671380746267,0.02227649766577311
0.10211657008856245,0.09941778160313619,-100.0,-100.0,0.042859708466845614,0.03962164643415422
0.10936260725917801,0.10934176285341535,-100.0,-100.0,0.037212475158350244,0.037191630752587024
0.10809540665491613,0.10507112029205368,-100.0,-100.0,0.03284130052804679,0.029061981420756444
0.09917938291792383,0.0990447785318207,-100.0,-100.0,0.05467891502747435,0.05394878161141059
0.11755291514219357,0.11735120797275644,-100.0,-100.0,0.03493934066570037,0.0317433286127069
0.11260962142327402,0.10299833283500481,-100.0,-100.0,0.05148374191666294,0.04970577197809445
0.10708684163085536,0.10606004398715285,-100.0,-100.0,0.03917331916647537,0.03781568497305887
0.13192886522300806,0.1319288652230155,-100.0,-100.0,0.055774142423530515,0.05454859646961563
0.12680410765205774,0.1205539835412699,-100.0,-100.0,0.05282491972577308,0.04936684688930226
0.09811508449702377,0.09811508449707418,-100.0,-100.0,0.040574622974020924,0.037810927000534233
0.12303252365163497,0.12269744466314936,-100.0,-100.0,0.05859055612380348,0.058312969495653455
0.09602676540575217,0.09408912002384728,-100.0,-100.0,0.04000725641376823,0.03786211744660761
0.12260521470334784,0.1226052147033514,-100.0,-100.0,0.045165379835346964,0.044134868332028176
0.11205327956662614,0.10831016199610999,-100.0,-100.0,0.03999681727221527,0.039012703752763445
0.11425173793068888,0.11237065947886171,-100.0,-100.0,0.030075748746693942,0.02852969850796616
0.12509483479042693,0.12464647837597065,-100.0,-100.0,0.05502868400262595,0.05418469448034835
0.10367359692249967,0.10217721430517535,-100.0,-100.0,0.03692373587402642,0.03577404865881895
0.08989242980466194,0.08899490641280239,-100.0,-100.0,0.04511658897486026,0.04332064873793673
0.10771890948824259,0.1064754291240042,-100.0,-100.0,0.03638673929296399,0.03381514365737115
0.08618134580237968,0.08445046088997132,-100.0,-100.0,0.03419015716601337,0.031780469495683916
0.08129638135591144,0.07965413477440808,-100.0,-100.0,0.024724697799387352,0.02472469779939035
0.09960536523269004,0.09960536523278318,-100.0,-100.0,0.03755946703491386,0.03755946703491264
0.07661132772078816,0.07624584068635687,-100.0,-100.0,0.02049542008791616,0.02040433801592445
0.10642149884813268,0.09921382173524229,-100.0,-100.0,0.03992102150646171,0.0337442063706892
0.10298767489422389,0.10188282663123727,-100.0,-100.0,0.048240507362177,0.048240507362183105
0.0971845452018637,0.09718454520187392,-100.0,-100.0,0.0450342790320738,0.045034279032079905
0.08756845177901673,0.08626413196640037,-100.0,-100.0,0.04358230464153412,0.04194869468358131
0.10391635459947568,0.10391635459947546,-100.0,-100.0,0.029707824442676833,0.02958369993868959
0.093352642249656,0.09246308728820918,-100.0,-100.0,0.027828304956481587,0.027419620164866987
0.07449332346935578,0.07143898194358045,-100.0,-100.0,0.027795030846871738,0.01845751875226409
0.08832110486982847,0.08832110486983635,-100.0,-100.0,0.031053447901635778,0.03105344790163489
0.11585029637607314,0.11562145794627754,-100.0,-100.0,0.04296509086073641,0.040804922074604955
0.10361381987529339,0.1008400478295326,-100.0,-100.0,0.0390340965997259,0.037655682796861156
0.10074655971706548,0.09675008058566759,-100.0,-100.0,0.031876213211263105,0.02715726133078422
0.11748366367676322,0.11748366367675911,-100.0,-100.0,0.03999536791175695,0.039995367911754065
0.09609396534710246,0.09609396534710335,-100.0,-100.0,0.03393111145547267,0.033931111455474006
0.10292314220939813,0.10261789173078739,-100.0,-100.0,0.048996564383528396,0.04859245230131104
0.12253114266181475,0.12144787571903715,-100.0,-100.0,0.03308780485993834,0.03308780485994345
0.10939419938493777,0.1069620477422536,-100.0,-100.0,0.0418238037137566,0.04137215232471436
0.14007453401959058,0.1382817457987413,-100.0,-100.0,0.06131611901212386,0.059995145342396916
0.09271425328817351,0.09143384799702081,-100.0,-100.0,0.026885036347299884,0.02676597554181681
0.11211328544412269,0.11093392117471801,-100.0,-100.0,0.04372045705720251,0.04288382654712031
0.10143436546209483,0.09889028258995292,-100.0,-100.0,0.025914400811426375,0.020293030090634212
0.12819713870128868,0.12696517719768163,-100.0,-100.0,0.05195271708480931,0.05104373141299279
0.09121325722358087,0.08558560166719142,-100.0,-100.0,0.034058156576943666,0.03172110241830273
0.07731205255000573,0.07616134382197215,-100.0,-100.0,0.027492592417726835,0.02630665331001336
0.10213356158845188,0.10171399479282228,-100.0,-100.0,0.04498088918611398,0.044125326101077444
0.100456797525724,0.09825789795801798,-100.0,-100.0,0.03463918666212862,0.03301952325023527
0.11767604646804286,0.11619546883551313,-100.0,-100.0,0.023851701839816775,0.022981308970638548
0.11055630485673174,0.10963439062610758,-100.0,-100.0,0.052785570612307264,0.05016350212665743
0.09622492284732076,0.09486050343321406,-100.0,-100.0,0.03937989892503979,0.0356127876232748
0.12214108226084264,0.12138116084823336,-100.0,-100.0,0.03877956516222125,0.03877956516222136
0.10592228837990136,0.10581651522296409,-100.0,-100.0,0.038355957071572466,0.037532500486649356
0.11492705149038362,0.1070525114388069,-100.0,-100.0,0.022512108460828517,0.019759242301859214
0.09394251028994316,0.09314951831584284,-100.0,-100.0,0.03504045906960762,0.03277366260964876
0.11876509691463522,0.11811374876583547,-100.0,-100.0,0.03526640173570261,0.03395491877463863
0.12388087175942575,0.12037410130755877,-100.0,-100.0,0.047917736175808745,0.04791773617582218
0.08166894573044103,0.08166894573046102,-100.0,-100.0,0.03661424045713946,0.03655264509587941
0.08663591689234007,0.08429629568049313,-100.0,-100.0,0.032524915481193406,0.028986231173960597
0.08081036511392647,0.07934070962165596,-100.0,-100.0,0.034426802292536585,0.032398909451167635
0.07057268112566595,0.07057268112560688,-100.0,-100.0,0.030591398540977477,0.030591398540977144
0.11759584979990856,0.11759584979991022,-100.0,-100.0,0.043025380999875074,0.04302538099987663
0.10948489680682028,0.10675673047868006,-100.0,-100.0,0.044425937282719596,0.04327852143301614
0.10862008874885876,0.10828558543237587,-100.0,-100.0,0.0421360174135571,0.04185834904888974
0.08232548644700766,0.07970651552649433,-100.0,-100.0,0.01709310008780396,0.016098074683491004
0.14184809023938028,0.1399012372698487,-100.0,-100.0,0.041340329133004894,0.03791017869725821
0.12288733635023408,0.12288733635022908,-100.0,-100.0,0.051121965872355735,0.051121965872353514
0.12057047874559723,0.12057047874559013,-100.0,-100.0,0.05208366006993981,0.05116962088457211
0.1100359079280363,0.1081586253429151,-100.0,-100.0,0.038826565813111724,0.0366564653798469
0.08349503579992268,0.08230780330464449,-100.0,-100.0,0.03071016000647353,0.029514632234618032
0.089730381976318,0.08973038197633221,-100.0,-100.0,0.04909202523796996,0.04909202523798961
0.10264140850622083,0.10031221172070282,-100.0,-100.0,0.038361613153963026,0.037245754703047584
0.12355194885726162,0.12305719304591323,-100.0,-100.0,0.046838373285308155,0.04587846342450397
0.10875772075784695,0.10815164206016448,-100.0,-100.0,0.0352143438030349,0.033411375885671224
0.0939090564590167,0.09341427438591277,-100.0,-100.0,0.030845679598946685,0.028782202297106374
0.11237788743158639,0.11095550553870281,-100.0,-100.0,0.039615169174741394,0.03881785990890174
0.08727707478496438,0.08634428241657388,-100.0,-100.0,0.04305580153126576,0.041844013462427054
0.10800439985010435,0.10544108371416705,-100.0,-100.0,0.028016047826229906,0.024103784822157692
0.08590100807333412,0.08571559317434341,-100.0,-100.0,0.02386418877490304,0.02360601458926881
0.10335573418550892,0.1006470143631466,-100.0,-100.0,0.02559936039561095,0.022585252178872306
0.09472885116029228,0.0940170871401198,-100.0,-100.0,0.040794299100636255,0.040082535080443016
0.11305876678160065,0.11063494879632807,-100.0,-100.0,0.033968628597993655,0.03317757649629449
0.11719932853532178,0.11571225494931237,-100.0,-100.0,0.03219426652743995,0.029917840984284183
0.10585184506230016,0.10561410257125492,-100.0,-100.0,0.05279459337154879,0.051245424478949975
0.11235408293326477,0.10858624022478813,-100.0,-100.0,0.04744702293273417,0.04406010101844349
0.07819701404323964,0.07742807441303712,-100.0,-100.0,0.021996143436498583,0.017891266508911374
0.10571702708609854,0.1048986591613742,-100.0,-100.0,0.059510173909648634,0.056837453984274866
0.07588192762398083,0.07588192762398305,-100.0,-100.0,0.023748185444857572,0.023748185444857572
0.08338445123134886,0.07926160028521978,-100.0,-100.0,0.022916021234266504,0.021409097624994988
0.11848452685673194,0.11818793771982572,-100.0,-100.0,0.040295167113518104,0.0400695728489292
0.12464760067690528,0.12092795768923281,-100.0,-100.0,0.046316668868125355,0.04124838895343308
0.13671287239156749,0.1352189004962523,-100.0,-100.0,0.05249136580957281,0.04944161218235288
0.09647486686078333,0.09125395446960594,-100.0,-100.0,0.04230846816249234,0.03892618974925688
0.12043830859186333,0.1179161434534961,-100.0,-100.0,0.05364759986716794,0.05319306626219533
0.11741258022064471,0.11741258022065038,-100.0,-100.0,0.04425425856681109,0.044209950860544356
0.14431141305534223,0.14229238189111348,-100.0,-100.0,0.05281598035505619,0.04930219682436654
0.08845127029541278,0.08806734650330605,-100.0,-100.0,0.026947200726366027,0.025932556174065646
0.10841113608251196,0.10834631884599488,-100.0,-100.0,0.057302301483239226,0.05720935806534444
0.10293517089808735,0.10278603490416627,-100.0,-100.0,0.03307126937858773,0.03217501915785592
0.10005781120136814,0.09938309152533109,-100.0,-100.0,0.0341337306151317,0.033961429232315266
0.08419118633215528,0.0819147523705901,-100.0,-100.0,0.020097683721238435,0.017146328201692596
0.12075524783038538,0.1192470393577687,-100.0,-100.0,0.025743561369942047,0.023100299033079863
0.11273937876015494,0.11207427074654452,-100.0,-100.0,0.025044159641335217,0.023395757605856327
0.10593809225905126,0.10439934450271782,-100.0,-100.0,0.05221246306028604,0.0505895248420174
0.10697129266526306,0.10555990811141913,-100.0,-100.0,0.05569451471344722,0.053508972317918846
0.09930774654856966,0.09930774654854702,-100.0,-100.0,0.03515561738771544,0.035155617387714666
0.11847641914168272,0.11705808098563275,-100.0,-100.0,0.04648522645530839,0.04540765792136614
0.12435159746485791,0.12362520836672786,-100.0,-100.0,0.03188101126668608,0.02995846403832203
0.0921086940560778,0.09108189641225362,-100.0,-100.0,0.04914231008881387,0.04651892771567989
0.10434491753237385,0.10299570557401994,-100.0,-100.0,0.040284767600257565,0.03693920085958691
0.10059305632523341,0.10000634772722772,-100.0,-100.0,0.0388304593066906,0.03824375070877073
0.11869029416798316,0.11756193794975722,-100.0,-100.0,0.04379847382000546,0.03149716047158524
0.08963188698036051,0.08919696258734855,-100.0,-100.0,0.0388108711984152,0.03614620785521494
0.10233985263238987,0.09941404339458881,-100.0,-100.0,0.03093269904173912,0.02718933482919139
0.11697363825335017,0.11321809728102461,-100.0,-100.0,0.05554853923009029,0.05204391336096992
0.10343985429476477,0.10342181696051411,-100.0,-100.0,0.039615339891266865,0.039597302557025205
0.11534212324671311,0.11222157250060638,-100.0,-100.0,0.03260739033919324,0.03075387752988923
0.09817920007514269,0.09741816281632132,-100.0,-100.0,0.02370747351374547,0.01888380957499336
0.10368629450590561,0.1002192882474906,-100.0,-100.0,0.033708535012137664,0.03291203071544624
0.09132126607364555,0.09132126607364865,-100.0,-100.0,0.043278769299108344,0.042237516175020695
0.10403189877325436,0.101337785840528,-100.0,-100.0,0.05225546616243282,0.048620638716069475
0.11538576264011624,0.11508937225207116,-100.0,-100.0,0.04823572325153147,0.04823572325153025
0.12591974358306046,0.12523757105253885,-100.0,-100.0,0.056427476868953,0.05317586038600808
0.09825939505116832,0.09802625393838482,-100.0,-100.0,0.05302330713487713,0.0513948161349449
0.11185262970143373,0.11185262970144849,-100.0,-100.0,0.055820290283413065,0.05582029028341062
0.1094199272414671,0.10941992724146499,-100.0,-100.0,0.04717859264515456,0.04717859264512725
0.10746381561541207,0.10238700402498291,-100.0,-100.0,0.05363013959557139,0.050913982635617305
0.095559503547193,0.094129304260272,-100.0,-100.0,0.04072638028034836,0.03740570563686496
0.11017835984218827,0.11017835984216462,-100.0,-100.0,0.022876543019421325,0.022876543017728457
0.10844438083106667,0.1078981435684202,-100.0,-100.0,0.04874685726415595,0.048542195301145785
0.09248047569434426,0.09164881983039508,-100.0,-100.0,0.05110988739876565,0.050035714694914635
0.0974840953808781,0.09667560315579726,-100.0,-100.0,0.030426595847911297,0.02957008464644728
0.0940845263459612,0.09256425886669994,-100.0,-100.0,0.02276266632793922,0.02078316101792055
0.11119861154175492,0.10648819378827479,-100.0,-100.0,0.024499411183053432,0.01745606651620535
0.10312381246284241,0.1030346717829117,-100.0,-100.0,0.03482530083396507,0.03443636754334323
0.12277876421259815,0.12266994222829408,-100.0,-100.0,0.038212665909386656,0.03812140550910248
0.10462850066096208,0.1042575132242235,-100.0,-100.0,0.04455109600387719,0.04448321548326817
0.09377051868625808,0.0914186797400276,-100.0,-100.0,0.027707909935368202,0.025292543044388438
0.10288511062052519,0.09949016512729125,-100.0,-100.0,0.03725594725823167,0.03725594725823078
0.10935593564011947,0.10895526609443429,-100.0,-100.0,0.0437414602029782,0.04374146020297576
0.11991426177815989,0.1194115921410589,-100.0,-100.0,0.0466531338639703,0.0457268485434249
0.10135717830039648,0.10115502828719558,-100.0,-100.0,0.05301238034543421,0.052695490434477854
0.09238511365834168,0.09017668427633685,-100.0,-100.0,0.04567942628538524,0.04325657788341286
0.14478266656662786,0.14333951054430927,-100.0,-100.0,0.041514958176941064,0.039318239643764796
0.1120605740153342,0.11003527777668753,-100.0,-100.0,0.03684396297224091,0.03406034706062844
0.11062246252934194,0.10981410571511807,-100.0,-100.0,0.022274007394125217,0.02146565057990979
0.11874432429807391,0.1176320942020812,-100.0,-100.0,0.06682941394714026,0.06614898731271124
0.13172168247931593,0.1273195858074928,-100.0,-100.0,0.03542665001391754,0.032170865155774386
0.09759586600743997,0.09691997950795272,-100.0,-100.0,0.03960461167666862,0.03892135831378951
0.09414435166566115,0.09312176978270559,-100.0,-100.0,0.03141837328804542,0.030058959397454954
0.11837319731322071,0.11637858108507437,-100.0,-100.0,0.04451824881445132,0.04120501091522277
0.0976005591282314,0.09662001486094773,-100.0,-100.0,0.03704818322982595,0.03704818322976711
0.09071673829758198,0.0887436716186647,-100.0,-100.0,0.05683267429379779,0.05350547404136696
0.08917898190917994,0.0891789819091704,-100.0,-100.0,0.03617750551492671,0.03617750551494936
0.09062088144615132,0.08612523765511293,-100.0,-100.0,0.03789474352787825,0.03372890926192018
0.12344575970870131,0.11992502906330671,-100.0,-100.0,0.046459329879089184,0.0431798669161193
0.08665079968080325,0.08655968826349214,-100.0,-100.0,0.043490402288059116,0.042800375055894735
0.10373661838465309,0.10332266080759833,-100.0,-100.0,0.047705014268394685,0.043792438404918865
0.09828041424975009,0.0982804142497794,-100.0,-100.0,0.026628372880712736,0.026628372880587503
0.11481641489923078,0.11160442819196259,-100.0,-100.0,0.02670438924315377,0.02570323354077597
0.09149989398378555,0.09149989398378144,-100.0,-100.0,0.028702689452876795,0.028371938365810867
0.12477804509887691,0.12225597723622084,-100.0,-100.0,0.03991033773876662,0.038589228604167136
0.11232931804628643,0.11152441208809938,-100.0,-100.0,0.03103583383852848,0.030218727601040607
0.10903848955737816,0.10903848955737805,-100.0,-100.0,0.04860648804184431,0.048606488041931906
0.14973574426324043,0.1497357442632472,-100.0,-100.0,0.04862975007594261,0.0486297500759334
0.11796458602610105,0.11508913977573354,-100.0,-100.0,0.05026993323020934,0.049406186097589844
0.08755125735270364,0.08701141142244684,-100.0,-100.0,0.016804816072460316,0.016691489596922793
0.11990841757736215,0.1184803602818234,-100.0,-100.0,0.022827511724533567,0.020885928422113564
0.07896387210773004,0.0782494836338774,-100.0,-100.0,0.03306314741160188,0.02888346333991576
0.11018300365779843,0.10939069352397501,-100.0,-100.0,0.024261413387691944,0.023321218362083895
0.07982208589734796,0.0778642930173905,-100.0,-100.0,0.03627569534634456,0.032820930970253626
0.11923110795673475,0.11698381109595046,-100.0,-100.0,0.05476023600106883,0.049737665979286305
0.1394196546810479,0.1362183573326905,-100.0,-100.0,0.06327005565448374,0.0628185746149752
0.13193294439429315,0.13151472207900405,-100.0,-100.0,0.058121278531398035,0.05759828995251759
0.08592106333632787,0.08414455798599008,-100.0,-100.0,0.03565929644503463,0.032687378076228124
0.11502074615283608,0.10968982476859912,-100.0,-100.0,0.04900613025186962,0.04640148424299806
0.0905504526907045,0.0892057181817777,-100.0,-100.0,0.027618540608578046,0.026466982532248884
0.08840253764348194,0.08736914972848742,-100.0,-100.0,0.02733037951013917,0.025055079643823475
0.07215749559643003,0.07210026112289714,-100.0,-100.0,0.021545921224758846,0.021244627961908624
0.1277146601285314,0.12771466012850674,-100.0,-100.0,0.0470901935607948,0.045546266899454846
0.08802751123575381,0.08206337273696496,-100.0,-100.0,0.033090908768158456,0.026137852998079247
0.12689216112917867,0.12563695341400738,-100.0,-100.0,0.04982249072972189,0.04965757008237792
0.11322675298193086,0.11322675298193874,-100.0,-100.0,0.04591161010439926,0.045911610104410916
0.1274407109495571,0.12700098005880678,-100.0,-100.0,0.054381863168251554,0.05394213227750033
0.10334463221951085,0.10334463221951695,-100.0,-100.0,0.0461662832300479,0.046166283230048455
0.11528843336655636,0.11509139602874874,-100.0,-100.0,0.024420705872589266,0.024420705872558512
0.11545683124889727,0.11545683124859474,-100.0,-100.0,0.04564849236876256,0.04452062245774613
0.09970742053270043,0.09840579974630703,-100.0,-100.0,0.052550229120578384,0.051325016848033256
0.10617713231117176,0.10286081986692253,-100.0,-100.0,0.027922325923332325,0.025387571631875105
0.09210373513651393,0.08986130666313497,-100.0,-100.0,0.04251339699487966,0.03723561305926171
0.09201147014824063,0.0902657866494665,-100.0,-100.0,0.04480853906388271,0.04169265199613659
0.10441703936748681,0.10413696272828277,-100.0,-100.0,0.034006944633972136,0.034006944633970804
0.12257074085751962,0.12002698658156108,-100.0,-100.0,0.04943132044469367,0.04680714297402533
0.11198989800403036,0.11198989800403036,-100.0,-100.0,0.05541349146276309,0.05241707536178053
0.10326129165691122,0.10029272983851634,-100.0,-100.0,0.04263975042359203,0.042639750423582035
0.09936501158654198,0.09853435594892135,-100.0,-100.0,0.05047842153232507,0.04879207692899079
0.11057299904787654,0.10713559923489846,-100.0,-100.0,0.05700888753043076,0.05547688622845126
0.10448656664763345,0.10198887253114242,-100.0,-100.0,0.048476163611150924,0.0484397751318455
0.12378564800807523,0.12302348899851401,-100.0,-100.0,0.044951883818377336,0.04336902298264489
0.11507181164721536,0.1131252654227165,-100.0,-100.0,0.0399987198020364,0.03799584644798015
0.0950783593331872,0.09507835933337327,-100.0,-100.0,0.03504430096528055,0.03504430096525424
0.08657179157769923,0.0853053938375612,-100.0,-100.0,0.03525818416328985,0.03314534491352894
0.09297673113278682,0.09070730556985618,-100.0,-100.0,0.047106217185893584,0.04597690082666839
0.0885739066100718,0.0885739066100717,-100.0,-100.0,0.03244729400404989,0.03244729400404989
0.09835207263027079,0.09823798217586532,-100.0,-100.0,0.059091413029820905,0.05830886513529043
0.09332138600562445,0.09262536264346,-100.0,-100.0,0.053706210397803655,0.04931206108354225
0.10541207809537723,0.10276380495348658,-100.0,-100.0,0.04935617515543256,0.04738554724998145
0.09351732297277549,0.09023392979873379,-100.0,-100.0,0.029007001445125247,0.028945696220476602
0.11602821603643365,0.116028216036419,-100.0,-100.0,0.054021139259104345,0.0537116231179916
0.07843834597702681,0.07843834597703025,-100.0,-100.0,0.028319062925501015,0.02831906292549058
0.10863968758110742,0.10716438860859545,-100.0,-100.0,0.03410271002728682,0.03329943102940769
0.10446794010466776,0.10442226369216256,-100.0,-100.0,0.04433680494056991,0.04351809793345052
0.07569632074689059,0.07395781174488181,-100.0,-100.0,0.034749118127411216,0.03294531463840966
0.11710681426011504,0.11608612292409926,-100.0,-100.0,0.06250219431490622,0.06169498476242663
0.09935030177134385,0.098903750647936,-100.0,-100.0,0.04216084524594976,0.0421608452459491
0.0950328731175748,0.09480634319182157,-100.0,-100.0,0.03711520772200261,0.03494295492551802
0.125962411350797,0.12283365082983078,-100.0,-100.0,0.03894741026804904,0.034887728781177074
0.09016994509000964,0.09000313497396761,-100.0,-100.0,0.03162186798040745,0.03162186798040889
0.08372579964069371,0.08178502108908947,-100.0,-100.0,0.027549196129604603,0.027244525365408
0.08521286928222904,0.08253538249479042,-100.0,-100.0,0.024376357424441775,0.024376357451058817
0.1106800013421767,0.10924905375924132,-100.0,-100.0,0.028073331937951584,0.026642384355393123
0.16200793855525386,0.16155320933929462,-100.0,-100.0,0.06576344557946989,0.06576344557946556
0.10674253308518422,0.10441686273871653,-100.0,-100.0,0.04660062549424304,0.044079782326779116
0.13178846583586867,0.1227084049798024,-100.0,-100.0,0.06325034957449205,0.05747805086407576
0.12329712788935443,0.12329712788934166,-100.0,-100.0,0.03473621597211585,0.033868299366959675
0.09756060936450262,0.09756060936448296,-100.0,-100.0,0.04391412371708536,0.043162337159268205
0.09283447561910563,0.09238129064218781,-100.0,-100.0,0.045312195064343364,0.045051311653384274
0.07995851829400347,0.07964931757648464,-100.0,-100.0,0.04363710363218076,0.04333144736903671
0.10717411581269909,0.10592274545256086,-100.0,-100.0,0.0362240101500908,0.0358331649142265
0.0822577885673208,0.08008899006152215,-100.0,-100.0,0.02006062365456518,0.017984786886466764
0.1006406237461277,0.09557037329786056,-100.0,-100.0,0.038845672124527386,0.036610403299004224
0.12006761529619758,0.12006761529623122,-100.0,-100.0,0.06303521038453308,0.0630352103845826
0.13107129987211041,0.13097196834514324,-100.0,-100.0,0.030968968703865896,0.026962203964212894
0.1279882147501853,0.12600489195917974,-100.0,-100.0,0.06343212871423554,0.0609424761749241
0.06639810429425186,0.06584293156648213,-100.0,-100.0,0.022203797860186003,0.020742739084564032
0.10251475780974029,0.0997592393585901,-100.0,-100.0,0.03967595874816077,0.035663406322159696
0.09711867561255016,0.0971186756125264,-100.0,-100.0,0.040854024039742365,0.040854024039739145
0.1091452858827433,0.10898241743443626,-100.0,-100.0,0.02523460259475918,0.025234602594758848
0.06738454815271777,0.06711319738249544,-100.0,-100.0,0.01936521741684505,0.018316866223732742
0.11360135739226918,0.1106419201993738,-100.0,-100.0,0.03688741921957228,0.03454713030744638
0.12790729563792913,0.12450629837743088,-100.0,-100.0,0.04603793480626173,0.04175407905037942
0.08489264395954865,0.08389772962952757,-100.0,-100.0,0.0376647688209335,0.03766383208739932
0.08033077240311248,0.07907496186824714,-100.0,-100.0,0.025848451973387254,0.02362623754352078
0.11609627758815222,0.1152161022808964,-100.0,-100.0,0.03783223683516379,0.03777822554467525
0.1044903104394701,0.10449031043946622,-100.0,-100.0,0.034180853389696564,0.03418085338969612
0.08823583693241133,0.08787937457176564,-100.0,-100.0,0.02572379770860933,0.025722122232185285
0.11826857825598713,0.11583917424976098,-100.0,-100.0,0.0222432906578085,0.019271893719766786
0.09580979727606687,0.09332684950189263,-100.0,-100.0,0.04469462200457075,0.04205275341342818
0.09223673070551142,0.0905650960886295,-100.0,-100.0,0.03421221663095808,0.032152477002995505
0.12448642789826958,0.12142972915812056,-100.0,-100.0,0.04303498006816531,0.04146792284200618
0.08206470613753425,0.08206470613753025,-100.0,-100.0,0.015881473835105853,0.014157304912025825
0.1090696121286362,0.10902363888309119,-100.0,-100.0,0.028522802117783352,0.028514984973945
0.14426429856608325,0.14138541730344678,-100.0,-100.0,0.07421824278173628,0.07106593556548668
0.11960044689096594,0.11851717994814503,-100.0,-100.0,0.027097824282109273,0.02709782428211327
0.07892422166779123,0.07794254949744728,-100.0,-100.0,0.04326112067745935,0.04296485177910114
0.07862382387584987,0.07687404449908108,-100.0,-100.0,0.02741849606486013,0.026703893752577867
0.0769562181242186,0.07567808815640165,-100.0,-100.0,0.044269613046955536,0.044069534547546474
0.09728679926909378,0.096868576953834,-100.0,-100.0,0.05841568488561766,0.05731334100074159
0.09671228227949014,0.09378133216993367,-100.0,-100.0,0.026911479601678057,0.02396017027014863
0.10836805697637542,0.10654119535324902,-100.0,-100.0,0.0437863771844349,0.0411096629059321
0.08189744639271901,0.0810606104202205,-100.0,-100.0,0.040291818957715164,0.03901664340879696
0.12047391920127659,0.11875770899760296,-100.0,-100.0,0.04185475457769505,0.03890049721448774
0.12962321594098136,0.1284748448479649,-100.0,-100.0,0.03459406094596218,0.03303757627924364
0.09057944176555077,0.09057944176558486,-100.0,-100.0,0.043761301736060854,0.043761301736077174
0.07777051184782324,0.07732989976044713,-100.0,-100.0,0.027288131387608106,0.026847519300245537
0.08924625084450777,0.08924625084452464,-100.0,-100.0,0.0321856533837116,0.03106029899318008
0.12237421211924271,0.11913731113325221,-100.0,-100.0,0.05298996080366014,0.05176503929571952
0.10666384701843579,0.10559769860740353,-100.0,-100.0,0.045415924153126896,0.04292167054725893
0.1127424837305695,0.1092194227334018,-100.0,-100.0,0.0672867206392489,0.06266092054715389
0.12001281334827352,0.11771882758385854,-100.0,-100.0,0.060170927099106875,0.0580894076963443
0.09074020804773841,0.09074020804773208,-100.0,-100.0,0.04348987875143939,0.0434898787514304
0.09647127507526787,0.09581332828282707,-100.0,-100.0,0.03536672693538778,0.031101739242950233
0.10272748188641412,0.10156883683619367,-100.0,-100.0,0.04520069397909143,0.04337107435840448
0.09522548916468576,0.09522548916470774,-100.0,-100.0,0.02587548681386831,0.025875486813868975
0.11599677469515324,0.11123545391185174,-100.0,-100.0,0.037335153412751065,0.0359973048534139
0.13174090742313438,0.1313326128274711,-100.0,-100.0,0.03930194247768015,0.0393019424776796
0.08675168908130437,0.08462894120079634,-100.0,-100.0,0.0065789841251058245,0.005974533738613896
0.09411846018919079,0.090457421882577,-100.0,-100.0,0.02310828226839412,0.020196715866168446
0.11105094855754571,0.10332853804596531,-100.0,-100.0,0.03257305483896644,0.03069996285196086
0.09557519843219464,0.09273433319957802,-100.0,-100.0,0.03169138117702408,0.02916954448853648
0.13425687319354174,0.1330618727738908,-100.0,-100.0,0.052918917245499464,0.05136888475465495
0.1163610949678644,0.1160728067220621,-100.0,-100.0,0.044387135975707204,0.04434282826943048
0.12329955342660304,0.12270764831138692,-100.0,-100.0,0.03902559405437778,0.038159736799666444
0.1276626043989657,0.12232610914151743,-100.0,-100.0,0.06899462409593138,0.06407824369274706
0.10014481555364207,0.09561971370327904,-100.0,-100.0,0.04073181130108894,0.03763862976281385
0.09184641040070085,0.08851810544136751,-100.0,-100.0,0.02126549416223311,0.018648305805406662
0.08332374137646326,0.08332374137639464,-100.0,-100.0,0.024973288837828234,0.024973288837831675
0.11484945809179381,0.10761844634602202,-100.0,-100.0,0.0314927427510896,0.027110470918352392
0.10508354925709873,0.1023180868470962,-100.0,-100.0,0.03466294916201662,0.032464021119091524
0.11672063187710913,0.11378194572165434,-100.0,-100.0,0.05766122309967847,0.05674783036734843
0.1196207527073273,0.11725576175554264,-100.0,-100.0,0.04862315809979545,0.04666072745838257
0.11324363882555044,0.11324363882590283,-100.0,-100.0,0.031972584027494366,0.03197258402741676
0.12055777713782534,0.11917936333496737,-100.0,-100.0,0.024863814448486288,0.024770171401056307
0.09565924538211512,0.09464254992435317,-100.0,-100.0,0.034311430811346466,0.034293019926444845
0.10400950680456511,0.10132306906014765,-100.0,-100.0,0.04361005366243065,0.04168789729515876
0.1048175414911302,0.10470822690690706,-100.0,-100.0,0.034065065393675265,0.033362253575350165
0.12126553100264881,0.11629256427888723,-100.0,-100.0,0.040529266514771844,0.03716060815527056
0.0818341011058481,0.08183410110584055,-100.0,-100.0,0.04345778819914736,0.04345778819914048
0.14138969867125517,0.14103977073302765,-100.0,-100.0,0.05912589686984193,0.059125896869842265
0.09967042978540797,0.09722019174692242,-100.0,-100.0,0.053541549695930946,0.049663359395601625
0.07962538862622504,0.079119300260998,-100.0,-100.0,0.034349921326651156,0.03374857781059015
0.07887284507551329,0.07790792763279819,-100.0,-100.0,0.0340357399839506,0.0336911394685826
0.1002363291079943,0.10009026794259612,-100.0,-100.0,0.04206104675501754,0.04191255493761248
0.10836721646657455,0.10773982939103133,-100.0,-100.0,0.06089015029798772,0.05945682825586507
0.13337161861188596,0.12896794700174485,-100.0,-100.0,0.03382038864889669,0.03199849014816225
0.09453016085552768,0.09453016085552002,-100.0,-100.0,0.04749049664743932,0.04749049664744154
0.1255147769367323,0.12499470530840506,-100.0,-100.0,0.04353641627587623,0.04182093163960332
0.1053366076423099,0.10255918169068923,-100.0,-100.0,0.02880540188756897,0.02682173302701507
0.09822278777738491,0.09567875776813672,-100.0,-100.0,0.03308885582533527,0.030791427690647244
0.11436197984336638,0.11107354950751258,-100.0,-100.0,0.03186876633796154,0.030802324113302415
0.09674740144711069,0.09661408428085116,-100.0,-100.0,0.04405976317342353,0.043565761067665854
0.11579423891573737,0.1138205866196822,-100.0,-100.0,0.04190036777685546,0.03996335901166326
0.08133971289067843,0.07963132497951553,-100.0,-100.0,0.033411892017175315,0.03238893642859275
0.08553172344623095,0.08453794814106064,-100.0,-100.0,0.02804720758186463,0.02601047794544875
0.10374794355093475,0.10189344255206256,-100.0,-100.0,0.02933949227630528,0.028395919527854252
0.10936127966672426,0.10929059934576624,-100.0,-100.0,0.03703322442398693,0.03703322442398482
0.10841850547386989,0.10276116263257573,-100.0,-100.0,0.06449516990040927,0.06279631555278131
0.11784448802241954,0.1145985523234132,-100.0,-100.0,0.043398838756106284,0.03828853615366501
0.08177873899430743,0.08059820478422586,-100.0,-100.0,0.03129918361100381,0.024361694149503732
0.10890754734437702,0.10641978627941795,-100.0,-100.0,0.0318645023139561,0.03058752692236999
0.08887062526762368,0.08887062526763123,-100.0,-100.0,0.030400188911916426,0.030400188911913206
0.09231793892957274,0.09115579173639243,-100.0,-100.0,0.04484097863241698,0.04472281390077715
0.11311566028634745,0.11119825387350746,-100.0,-100.0,0.042932078492398995,0.04101467207955345
0.12009290055913457,0.12009290055912714,-100.0,-100.0,0.04061626239967775,0.040616262399671976
0.11715821480514621,0.11529093661344203,-100.0,-100.0,0.0615587270115745,0.061558727011571834
0.11723396566150002,0.11326371528532708,-100.0,-100.0,0.053276022561174585,0.05013968799044488
0.10233386468346917,0.10233386468382744,-100.0,-100.0,0.07055556516213346,0.07055556516214723
0.10555984643649752,0.10555984643658245,-100.0,-100.0,0.05123567022295994,0.051235670222960605
0.09591995631038164,0.09287253993282363,-100.0,-100.0,0.04694216419103159,0.04642105998912438
0.12755637034283307,0.1267122398866687,-100.0,-100.0,0.06736805556444403,0.0671033850133127
0.09095400157165434,0.09095400157509181,-100.0,-100.0,0.033718947492649476,0.0337189474926457
0.12395671718640922,0.11941497380892296,-100.0,-100.0,0.029945410211034806,0.02582696479782043
0.1081265295545909,0.10419575217254562,-100.0,-100.0,0.028403138807971295,0.02737324633948901
0.09554974815613193,0.09095390764375899,-100.0,-100.0,0.023543542624872238,0.01749249357191318
0.08791088774372935,0.08791088774376332,-100.0,-100.0,0.02373489945076923,0.02373489945077145
0.1089825520486295,0.10356426305551203,-100.0,-100.0,0.035229875536887834,0.028912588368323222
0.10477909195205815,0.10458819959446419,-100.0,-100.0,0.054723123225769554,0.054188240890351014
0.10311154898282326,0.10308465092074182,-100.0,-100.0,0.028889497893344274,0.028828192668682195
0.07694487349358003,0.0764690060955221,-100.0,-100.0,0.021418334725381127,0.021157651354127394
0.12467539753727563,0.12044582069727139,-100.0,-100.0,0.06112233228850206,0.05580611488052423
0.09693260410007509,0.09503971392190524,-100.0,-100.0,0.021161116599926366,0.019696589791037167
0.10603424272296313,0.10576895462524638,-100.0,-100.0,0.03038575991511039,0.030329536879518337
0.1135646156297242,0.11271839529361616,-100.0,-100.0,0.053495753354787956,0.052784943169500664
0.10940916223093011,0.1084836003306271,-100.0,-100.0,0.06914017807793504,0.06761695948950552
0.08630196501425891,0.0862091120977061,-100.0,-100.0,0.03955563746616575,0.03942566079200194
0.10256330863454066,0.10104480341941602,-100.0,-100.0,0.04546270703442312,0.04290897817492312
0.14116740857771926,0.138664355936593,-100.0,-100.0,0.04637566617413513,0.04436884181589662
0.10419174582217294,0.1005592765200134,-100.0,-100.0,0.033646771576053,0.03135456741535869
0.11943621520040382,0.11943621520047487,-100.0,-100.0,0.04548454823980763,0.04548454823980752
0.12606103430132587,0.12602934436986934,-100.0,-100.0,0.013296066636512838,0.011524876721732413
0.1000329302111359,0.09828599365916657,-100.0,-100.0,0.031868011875129776,0.027078740288534853
0.09971770867326246,0.09790053059467207,-100.0,-100.0,0.03950485336597276,0.03182310618064488
0.10057961876275912,0.09852050863315509,-100.0,-100.0,0.05595352079554061,0.052660866656521255
0.12446056093194957,0.12107878570838781,-100.0,-100.0,0.053814919121212834,0.048573448059659574
0.07484208248347135,0.07308963459242346,-100.0,-100.0,0.0218358293353057,0.02050013741755441
0.10720817539361804,0.10068390071819255,-100.0,-100.0,0.047821424228821074,0.04478898634168882
0.12349001073692001,0.12098096797189917,-100.0,-100.0,0.04530047462371778,0.045300474623884535
0.11259617499917618,0.1117223726918305,-100.0,-100.0,0.043939892073359466,0.04322676157253502
0.11076645741593127,0.10939846256309904,-100.0,-100.0,0.054998893222717005,0.05178222466053428
0.10742481063364351,0.10687073899268995,-100.0,-100.0,0.035732840378220665,0.034686468526933356
0.12346534418964072,0.12214282855240477,-100.0,-100.0,0.04396193683166105,0.042437525188141256
0.10247437655292269,0.10205471811802136,-100.0,-100.0,0.04041193343678451,0.03858953357912043
0.09947504081193692,0.09947504081192893,-100.0,-100.0,0.041411245866975754,0.03888386535682942
0.10792651809109843,0.10721762600754392,-100.0,-100.0,0.05548336474204507,0.05506032143568074
0.08028912605752025,0.07739213639197207,-100.0,-100.0,0.01841695204532534,0.01805720133318789
0.0934433928722258,0.09046003006349834,-100.0,-100.0,0.04677227210759127,0.042975124377076845
0.07551216695167351,0.07417527254924283,-100.0,-100.0,0.0234035351523747,0.021501240691651935
0.08527783207262873,0.08475605137623854,-100.0,-100.0,0.03186626500256651,0.03136938618612484
0.09456917654303554,0.09234331689017394,-100.0,-100.0,0.055908037526928966,0.05366662838830971
0.09226841790872076,0.0917191254247346,-100.0,-100.0,0.047433703034930885,0.04431775019965545
0.12100609529692241,0.11892088759765485,-100.0,-100.0,0.03859673611635328,0.03538561574030741
0.0939540634810293,0.09388636345793333,-100.0,-100.0,0.0390396996959963,0.03838650015676459
0.14578905929875063,0.14008470930926664,-100.0,-100.0,0.06318674108323608,0.058221668443728114
0.08860510973231861,0.08744994083808322,-100.0,-100.0,0.03642586031683892,0.03540771701439138
0.12676037077159963,0.12534736138708635,-100.0,-100.0,0.08568896850003682,0.08027807617837068
0.09162936102359265,0.08246478989124473,-100.0,-100.0,0.033285715564310925,0.026850848300650876
0.09213023252176766,0.09086783960514444,-100.0,-100.0,0.03817736599687105,0.03817736599687105
0.10711152812321556,0.10446159016482881,-100.0,-100.0,0.03497982535937072,0.033814200279025264
0.06550868868330495,0.06545245713002823,-100.0,-100.0,0.02187309129382653,0.021725470691670856
0.09476402483073543,0.09353440697618531,-100.0,-100.0,0.02742315059593614,0.026880716017165796
0.0987724963749691,0.09877249637495134,-100.0,-100.0,0.034416376106176205,0.034416376106158664
0.10766982814959314,0.10329212489531636,-100.0,-100.0,0.011547817934450921,0.010170184233670332
0.11580378943186387,0.11562418381278539,-100.0,-100.0,0.061191569637075394,0.06119156963707517
0.09450567361518292,0.09417992739510117,-100.0,-100.0,0.03728354624415642,0.037283546244156085
0.12176343611986995,0.11960034702766587,-100.0,-100.0,0.04592041883147402,0.037224268747994005
0.08348444422034362,0.08277525391866514,-100.0,-100.0,0.02756280201235839,0.027090284458719305
0.08041789957119838,0.07870510987950963,-100.0,-100.0,0.026582559570402564,0.02527376518704394
0.11020545755845945,0.10701501316057094,-100.0,-100.0,0.0482541931242908,0.04408824710366488
0.1244541822633296,0.12382363881650926,-100.0,-100.0,0.04569806750045302,0.04556769134367089
0.09733960981199796,0.09729210747280614,-100.0,-100.0,0.03189307223825333,0.03145334134750122
0.09970864535842983,0.09782754340385547,-100.0,-100.0,0.03084863997358489,0.02812939098633438
0.1297842574164909,0.12832663083293316,-100.0,-100.0,0.04594259811321222,0.04594259811321366
0.10792061011034726,0.10599600281473953,-100.0,-100.0,0.03610120794993088,0.0361012079497911
0.13054948757918472,0.12786304983472907,-100.0,-100.0,0.04165696270701258,0.0387027053438056
0.12038816115243056,0.12038816115241713,-100.0,-100.0,0.046231218766634385,0.04623121876663394
0.11888884970325009,0.11595928871630501,-100.0,-100.0,0.0666585375893387,0.06301215598719279
0.13441120125250838,0.1337635223773943,-100.0,-100.0,0.05244274660294457,0.04805484879151445
0.10340911960637966,0.10340911960637078,-100.0,-100.0,0.03931805586207682,0.03555072650223745
0.07237633696244583,0.06942089226155534,-100.0,-100.0,0.030982077692828014,0.02812508929191848
0.13942948717340342,0.1394294871733892,-100.0,-100.0,0.04026618018761774,0.04026618018758166
0.09916805500783377,0.09798650013984744,-100.0,-100.0,0.03658337643915954,0.03635295876306888
0.11377043387572527,0.11122121165988463,-100.0,-100.0,0.06008122352301559,0.057583411494891545
0.129209671623983,0.12920967162413177,-100.0,-100.0,0.0356885195773623,0.035418866101201485
0.11519985406662037,0.11296559248480742,-100.0,-100.0,0.05519056156362723,0.053080728447507
0.13414669245001665,0.13284512420343553,-100.0,-100.0,0.04466394185634026,0.04298616927575827
0.10699851589194176,0.1066056369657572,-100.0,-100.0,0.020246129344489106,0.018627143583495376
0.09091417673779079,0.09091417673778557,-100.0,-100.0,0.021542137270912365,0.02154213727091725
0.10714972389842359,0.10714972389841582,-100.0,-100.0,0.035258583777676655,0.03443776900689999
0.12590479405592736,0.1235923392937972,-100.0,-100.0,0.044656891282202515,0.042998652328063436
0.11203893124842068,0.11101521410058024,-100.0,-100.0,0.04094292006076461,0.04094292006076494
0.10850216829965997,0.10536733347271987,-100.0,-100.0,0.05364628149152906,0.04996050344116265
0.08178089371122166,0.07969644581235147,-100.0,-100.0,0.03243541505868497,0.030223863019744668
0.08900408691630912,0.0869414955609058,-100.0,-100.0,0.03750224053935314,0.0375022405393457
0.13932303203116947,0.13930349070937043,-100.0,-100.0,0.054853234560253594,0.053775666026303015
0.09140586647972082,0.09140586647972426,-100.0,-100.0,0.022046599561836078,0.021859245693109486
0.07839413768548775,0.07801399018262045,-100.0,-100.0,0.019155373052546665,0.01898114899098169
0.12462638058602116,0.12462638058604214,-100.0,-100.0,0.06421731433885958,0.06133607879330505
0.12677279867552727,0.1262577857788315,-100.0,-100.0,0.04202094835217707,0.04151061914448406
0.10253760416341273,0.10029845863402254,-100.0,-100.0,0.019754303229015058,0.01744121465228099
0.1146444044767464,0.11357825754376905,-100.0,-100.0,0.03297720218719613,0.03125074948667961
0.13089321790785025,0.1302883417898526,-100.0,-100.0,0.05208508609207474,0.0520850860920099
0.11776574752153302,0.10874303541396813,-100.0,-100.0,0.05021322197012257,0.042175065606773976
0.11302119472120475,0.11277132543329826,-100.0,-100.0,0.05672039111931426,0.0561677207179303
0.10700994850709733,0.10603714289664679,-100.0,-100.0,0.04927238234327913,0.04855600432217244
0.09631376552398918,0.0945274693760284,-100.0,-100.0,0.04965649959659213,0.04680103455873086
0.1016977680189044,0.09754172453658716,-100.0,-100.0,0.036013114947318625,0.03405306723754986
0.12977713709570626,0.1285335489047511,-100.0,-100.0,0.04285281287336862,0.04070940017112745
0.09469910545459359,0.09329009938841437,-100.0,-100.0,0.05759331825680847,0.0531208414780342
0.10851200168138364,0.10776599939640996,-100.0,-100.0,0.05811866153768319,0.058118661537674865
0.10524806063975178,0.10104267692693891,-100.0,-100.0,0.04951325428936226,0.045970562360434286
0.0891582550728296,0.08915825507283082,-100.0,-100.0,0.02720158545069451,0.02676185455994262
0.114250464356768,0.11425046435679231,-100.0,-100.0,0.02767262317043906,0.027636066551239846
0.10895539873350735,0.10470700709967229,-100.0,-100.0,0.054131150435894115,0.05021398335682559
0.1258675082929377,0.12451400556597436,-100.0,-100.0,0.05649014096039218,0.05253343460272675
0.12125643776754258,0.11909503291590884,-100.0,-100.0,0.05364058649518966,0.049511583218227684
0.11120897067761204,0.10652540026051738,-100.0,-100.0,0.04288639742037992,0.0393363811143681
0.10181207213135346,0.10013928960445273,-100.0,-100.0,0.03890898459552161,0.03675928438143761
0.11850099427197303,0.11790749426166158,-100.0,-100.0,0.051387912600525554,0.049215703879398554
0.11713697755888353,0.11701976445065665,-100.0,-100.0,0.05542415013531299,0.052152444714298585
0.11041953794941284,0.10924441930890638,-100.0,-100.0,0.027861418547286743,0.027081264474747457
0.1070025168575508,0.10586549415504731,-100.0,-100.0,0.021463720643698614,0.02055143088775535
0.08969380502071556,0.08846910890104209,-100.0,-100.0,0.03248137848389432,0.03248137848389687
0.11601405432627854,0.11541930986156579,-100.0,-100.0,0.04871040739182475,0.047322982686177184
0.1000574860369765,0.10005748603819731,-100.0,-100.0,0.0409674584447941,0.04096745844479077
0.09747764573526407,0.0974776457352784,-100.0,-100.0,0.03878187839884295,0.03878187839884384
0.08323928586252283,0.08235722284804381,-100.0,-100.0,0.01256779326030455,0.0121811436588386
0.12162085687081126,0.11799518005363874,-100.0,-100.0,0.036442517842229405,0.03320779107344096
0.11773698858924408,0.11666655045299057,-100.0,-100.0,0.043386235889169456,0.04176796435215813
0.11896716408689101,0.11444558673415739,-100.0,-100.0,0.04886056087166746,0.046702964786494494
0.12318103998095009,0.1231810399809421,-100.0,-100.0,0.04935714874892039,0.04909470934991267
0.10096959551563023,0.10075276037754932,-100.0,-100.0,0.05651931710770297,0.05513189240205818
0.1194827427981997,0.1157635113631641,-100.0,-100.0,0.03673188951177642,0.03609405481055017
0.11841136663017127,0.11577028687654445,-100.0,-100.0,0.027953398153564013,0.027953398153558573
0.1097868229661898,0.10910898313111128,-100.0,-100.0,0.050407745385109504,0.04951149516437969
0.10504987103248542,0.10456810509967418,-100.0,-100.0,0.047590549139957306,0.045300359342878904
0.13014437167893633,0.1258585309660779,-100.0,-100.0,0.052928813606869185,0.04931951594978168
0.09378198215792999,0.0937819821579513,-100.0,-100.0,0.049675076595592005,0.049675076595590895
0.114440133701738,0.10922348014554051,-100.0,-100.0,0.0590965154151315,0.052231899165642526
0.09285104908684627,0.09224134009011276,-100.0,-100.0,0.02419166492081104,0.02380849849241018
0.08570551827545414,0.08448946789052558,-100.0,-100.0,0.050470691309577376,0.047448537313218075
0.10695337868368271,0.10639131290938386,-100.0,-100.0,0.028583810635208318,0.027584908399487795
0.10403440815909049,0.10384899326007713,-100.0,-100.0,0.035875434669231154,0.035438708158623156
0.08114801755801981,0.08051004402338213,-100.0,-100.0,0.03134810175146785,0.031346357291545224
0.10370460928410541,0.1037046092849283,-100.0,-100.0,0.031155548322714388,0.030827935026469078
0.11827460163150971,0.11653007365547963,-100.0,-100.0,0.04612940248446018,0.04612940248446051
0.07706449170718854,0.07252088702319226,-100.0,-100.0,0.026717527942234587,0.024487828199818207
0.13099863215863772,0.13089044286086482,-100.0,-100.0,0.07482246768250034,0.07477476254594428
0.1189956933969335,0.11864366352555722,-100.0,-100.0,0.03339026429195724,0.0333902642919538
0.12092964584990096,0.11888373996712043,-100.0,-100.0,0.04412795347753562,0.04037785178363018
0.11686973158769254,0.11678606451918638,-100.0,-100.0,0.05268085145825585,0.05191358571499749
0.1074865542723783,0.10676371354410996,-100.0,-100.0,0.020476946390472373,0.020292913784738964
0.07725136599154114,0.07683835672950856,-100.0,-100.0,0.03220041544885255,0.027778656113586875
0.09968022074820149,0.09817280483458168,-100.0,-100.0,0.03324178670687494,0.031518772388645644
0.09470550202376704,0.0947055020237586,-100.0,-100.0,0.017769788193300107,0.01776978819328745
0.10781278457602805,0.09951929646696434,-100.0,-100.0,0.03322486979205319,0.03265276121558203
0.07703209732411087,0.07703209732410643,-100.0,-100.0,0.03313683365125075,0.033136833651248754
0.09584064593116393,0.0921177441978186,-100.0,-100.0,0.02714418346760583,0.027144183467612715
0.16159120624424994,0.1607177057176652,-100.0,-100.0,0.060282039550431654,0.05865172467032609
0.09793499107294323,0.09729376710552251,-100.0,-100.0,0.03855226857995164,0.03744820248864078
0.09966314371124663,0.09966314371125162,-100.0,-100.0,0.05247098158843522,0.05247098158843444
0.08583821691545857,0.08420305167929543,-100.0,-100.0,0.04236662086145271,0.036742433309182254
0.10683592851980495,0.10434408182316546,-100.0,-100.0,0.04184978090469382,0.03686262950825003
0.08561404596506972,0.08319441716011466,-100.0,-100.0,0.01823095090699356,0.015249865095990023
0.08812778981703795,0.08718456535244612,-100.0,-100.0,0.025337108227722283,0.023509895988972573
0.12046223082771723,0.11946951600218991,-100.0,-100.0,0.02946319533917241,0.025444357467692136
0.10317554322877664,0.09969647420125138,-100.0,-100.0,0.05499376695325786,0.05458957617795046
0.07430253499120443,0.07185161705206755,-100.0,-100.0,0.023507233468308963,0.019080090767083946
0.093681267817595,0.09241758422111235,-100.0,-100.0,0.04072811642796936,0.03878058540592677
0.13964391653060249,0.13734116925958162,-100.0,-100.0,0.04352084026995262,0.040331088541560645
0.08466368436437688,0.08466368436434324,-100.0,-100.0,0.024926314181245357,0.024926314181217935
0.09643361261250394,0.09572352926041039,-100.0,-100.0,0.028236141291464345,0.02744428981498137
0.08807151088895826,0.08807151088895693,-100.0,-100.0,0.045098071100667214,0.04509807110067765
0.09884832875134364,0.09529426949983266,-100.0,-100.0,0.031090153831565548,0.02894187782488178
0.0853984555759385,0.08476551720498093,-100.0,-100.0,0.0384842435915983,0.03837353895734974
0.09411393890042674,0.0913201032527704,-100.0,-100.0,0.022956816580701034,0.02220143402136232
0.10023770101599283,0.09691995974045353,-100.0,-100.0,0.035586568115155814,0.03237822130493828
0.09215178146541425,0.09173233801975877,-100.0,-100.0,0.03844907964363853,0.03808373427941181
0.11168720392598441,0.11168720392597864,-100.0,-100.0,0.03172821877618792,0.030317490567398853
0.10056447585629869,0.09787931936287131,-100.0,-100.0,0.04422763142781816,0.04347806082931438
0.07642200602339422,0.07642200602338756,-100.0,-100.0,0.033802715982400144,0.033683655176903526
0.09993057464681299,0.09932852521980007,-100.0,-100.0,0.04735389110364485,0.04715768089280503
0.0870747552397142,0.08707475523965014,-100.0,-100.0,0.03552689409872167,0.03486708946130612
0.0917398737047419,0.09173987370473857,-100.0,-100.0,0.047659265582106425,0.047659265582105204
0.102172054621542,0.09878642291185868,-100.0,-100.0,0.04436415670688254,0.04329048532284974
0.09946836097688316,0.09680267864210679,-100.0,-100.0,0.05787295835616324,0.05420450418600642
0.13777689636436086,0.1326798083006273,-100.0,-100.0,0.0230674575056925,0.02050837346123524
0.09370314010284586,0.0928888586519232,-100.0,-100.0,0.035305359764273625,0.034868633253666625
0.12362619992431134,0.11724892134926956,-100.0,-100.0,0.028976021310763045,0.027262860968529368
0.09951924720661343,0.09950354538238637,-100.0,-100.0,0.036651189668380435,0.03663393694358874
0.09854473887049264,0.09824846997213132,-100.0,-100.0,0.045471820592018375,0.042327520604715896
0.10816774030602516,0.10754811354880878,-100.0,-100.0,0.05693299851776423,0.056196998728654246
0.12655398823891062,0.12431582151124987,-100.0,-100.0,0.04553847808487632,0.040976265406077905
0.09929595705123273,0.09923134864712402,-100.0,-100.0,0.04423723558249337,0.044175507311182693
0.1229421959987107,0.12030880157608093,-100.0,-100.0,0.05135470827095223,0.05039065838650103
0.11206284057324711,0.11082603668934543,-100.0,-100.0,0.06050441917247351,0.05906049994666274
0.11317666531228265,0.11074659643768947,-100.0,-100.0,0.03860890494162561,0.03824355957739989
0.1181139474746945,0.11507202704779529,-100.0,-100.0,0.03154306476394386,0.03033872481545452
0.11762960130695843,0.11721137899170042,-100.0,-100.0,0.05018133390798862,0.049077381179437274
0.12591042017585385,0.12480196021585266,-100.0,-100.0,0.05425882511753244,0.05223955940171465
0.08997003830267125,0.08997003830269612,-100.0,-100.0,0.042501873658486566,0.04250187365855518
0.08448823546297035,0.08310766870020414,-100.0,-100.0,0.02658913021440734,0.025780556594783843
0.11154456997501139,0.11142391070205027,-100.0,-100.0,0.033423896319483615,0.03205000167384198
0.0734787070138998,0.0728316966085023,-100.0,-100.0,0.031185663272083164,0.029141977509578254
0.1032876641960978,0.10328766419612168,-100.0,-100.0,0.04472484171094826,0.04472484171095248
